series,code,market_id,snapshot_date,color_year,deadline_exclusive_utc,deadline_year,probability,trade_timestamp_utc,stale_days,evidence_bet_id,immediate_execution_accounts,statistic,label,interpretation_flag,source_url
M01_2024-12-31,M01,6vw71lj8bi,2024-12-31,2024,2030-01-01,2030.0,0.41854455214900305,2024-12-31T19:19:44.604000+00:00,0.1946226273148148,ShyQqyIP9Q6U,125,Last observed immediate-execution post-trade quote by cutoff; not a survey mean,AI alone · before 2030,deadline_set,https://manifold.markets/AlanTuring/will-artificial-intelligence-solve
M01_2025-12-31,M01,6vw71lj8bi,2025-12-31,2025,2030-01-01,2030.0,0.2699999999999985,2025-12-30T21:11:43.294000+00:00,1.116860011574074,P2Eycyu0z8yC,211,Last observed immediate-execution post-trade quote by cutoff; not a survey mean,AI alone · before 2030,deadline_set,https://manifold.markets/AlanTuring/will-artificial-intelligence-solve
M01_2026-09-07,M01,6vw71lj8bi,2026-09-07,2026,2030-01-01,2030.0,0.7277984251980881,2026-09-07T16:20:28.156000+00:00,0.31911855324074073,uApUROcut6LC,326,Last observed immediate-execution post-trade quote by cutoff; not a survey mean,AI alone · before 2030,deadline_set,https://manifold.markets/AlanTuring/will-artificial-intelligence-solve
M02_2024-12-31,M02,ipq49s5f07,2024-12-31,2024,2035-01-01,2035.0,0.5496990175236041,2024-12-24T08:01:03.123000+00:00,7.665936064814815,IE0NhS9ZNSsP,58,Last observed immediate-execution post-trade quote by cutoff; not a survey mean,AI alone · before 2035,deadline_set,https://manifold.markets/AlanTuring/will-artificial-intelligence-solve-34vdtjoulu
M02_2025-12-31,M02,ipq49s5f07,2025-12-31,2025,2035-01-01,2035.0,0.5226106077558071,2025-10-28T22:52:52.085000+00:00,64.046619375,PCIh9ppZtgEd,101,Last observed immediate-execution post-trade quote by cutoff; not a survey mean,AI alone · before 2035,deadline_set,https://manifold.markets/AlanTuring/will-artificial-intelligence-solve-34vdtjoulu
M02_2026-09-07,M02,ipq49s5f07,2026-09-07,2026,2035-01-01,2035.0,0.8099999999999999,2026-09-07T21:49:11.487000+00:00,0.09083925925925926,tnItslS9N6zp,113,Last observed immediate-execution post-trade quote by cutoff; not a survey mean,AI alone · before 2035,deadline_set,https://manifold.markets/AlanTuring/will-artificial-intelligence-solve-34vdtjoulu
M03_2024-12-31,M03,lcy2g2svq6,2024-12-31,2024,2040-01-01,2040.0,0.7609640145212712,2024-12-22T10:35:42.386000+00:00,9.5585371875,uLtysnRgyUOl,38,Last observed immediate-execution post-trade quote by cutoff; not a survey mean,AI alone · before 2040,deadline_set,https://manifold.markets/AlanTuring/will-artificial-intelligence-solve-dbj276l5nn
M03_2025-12-31,M03,lcy2g2svq6,2025-12-31,2025,2040-01-01,2040.0,0.7838316750749188,2025-12-07T23:20:56.950000+00:00,24.027118622685187,cpCIh6CCqpC9,44,Last observed immediate-execution post-trade quote by cutoff; not a survey mean,AI alone · before 2040,deadline_set,https://manifold.markets/AlanTuring/will-artificial-intelligence-solve-dbj276l5nn
M03_2026-09-07,M03,lcy2g2svq6,2026-09-07,2026,2040-01-01,2040.0,0.7999999999999999,2026-09-07T21:49:11.416000+00:00,0.09084008101851852,hdcdQLu5Qy2t,51,Last observed immediate-execution post-trade quote by cutoff; not a survey mean,AI alone · before 2040,deadline_set,https://manifold.markets/AlanTuring/will-artificial-intelligence-solve-dbj276l5nn
M04_2024-12-31,M04,q19px3g26d,2024-12-31,2024,2050-01-01,2050.0,0.8632938503300351,2024-12-30T23:23:14.908000+00:00,1.025521886574074,6ZQc56cEAp2y,34,Last observed immediate-execution post-trade quote by cutoff; not a survey mean,AI alone · before 2050,deadline_set,https://manifold.markets/AlanTuring/will-artificial-intelligence-solve-f4ja8dsbek
M04_2025-12-31,M04,q19px3g26d,2025-12-31,2025,2050-01-01,2050.0,0.84,2025-09-19T20:59:04.705000+00:00,103.12563997685186,APPASRtO5gQC,40,Last observed immediate-execution post-trade quote by cutoff; not a survey mean,AI alone · before 2050,deadline_set,https://manifold.markets/AlanTuring/will-artificial-intelligence-solve-f4ja8dsbek
M04_2026-09-07,M04,q19px3g26d,2026-09-07,2026,2050-01-01,2050.0,0.876967515400092,2026-09-06T09:15:03.804000+00:00,1.6145392939814815,5R2gUp6ul20A,42,Last observed immediate-execution post-trade quote by cutoff; not a survey mean,AI alone · before 2050,deadline_set,https://manifold.markets/AlanTuring/will-artificial-intelligence-solve-f4ja8dsbek
M05_2023-12-31,M05,d8MOJWh8V5QEfl97Gm8c,2023-12-31,2023,2029-01-01,2029.0,0.20318572326128959,2023-11-25T06:44:39.875000+00:00,36.71898291666667,72wpMiNXASAmS4v8VrKc,26,Last observed immediate-execution post-trade quote by cutoff; not a survey mean,AI solves · end 2028,wording_underspecified,https://manifold.markets/LukaszWiklendt/will-an-unsolved-millenium-prize-pr
M05_2024-12-31,M05,d8MOJWh8V5QEfl97Gm8c,2024-12-31,2024,2029-01-01,2029.0,0.3504925610737507,2024-12-30T04:59:53.248000+00:00,1.7917448032407408,S0NcdPRZ968s,76,Last observed immediate-execution post-trade quote by cutoff; not a survey mean,AI solves · end 2028,wording_underspecified,https://manifold.markets/LukaszWiklendt/will-an-unsolved-millenium-prize-pr
M05_2025-12-31,M05,d8MOJWh8V5QEfl97Gm8c,2025-12-31,2025,2029-01-01,2029.0,0.2388919558013013,2025-12-27T01:42:52.616000+00:00,4.928557673611111,lCnUlCtt2NyC,111,Last observed immediate-execution post-trade quote by cutoff; not a survey mean,AI solves · end 2028,wording_underspecified,https://manifold.markets/LukaszWiklendt/will-an-unsolved-millenium-prize-pr
M05_2026-09-07,M05,d8MOJWh8V5QEfl97Gm8c,2026-09-07,2026,2029-01-01,2029.0,0.6148975834146834,2026-09-07T16:35:25.662000+00:00,0.30873075231481484,pRguPzURIz56,159,Last observed immediate-execution post-trade quote by cutoff; not a survey mean,AI solves · end 2028,wording_underspecified,https://manifold.markets/LukaszWiklendt/will-an-unsolved-millenium-prize-pr
M06_2024-12-31,M06,uOBecu3y5X2RseZXg3Ol,2024-12-31,2024,2030-01-01,2030.0,0.4317166055031893,2024-12-22T00:49:59.057000+00:00,9.965288680555556,Az6h8dIR5d0g,14,Last observed immediate-execution post-trade quote by cutoff; not a survey mean,Substantial AI help · before 2030,criteria_clarified_after_cutoff,https://manifold.markets/Thomas42/will-any-of-the-remaining-clay-mill
M06_2025-12-31,M06,uOBecu3y5X2RseZXg3Ol,2025-12-31,2025,2030-01-01,2030.0,0.4678153561598686,2025-10-19T22:33:22.054000+00:00,73.06016140046296,6CPNZPR9ZIEd,24,Last observed immediate-execution post-trade quote by cutoff; not a survey mean,Substantial AI help · before 2030,criteria_clarified_after_cutoff,https://manifold.markets/Thomas42/will-any-of-the-remaining-clay-mill
M06_2026-09-07,M06,uOBecu3y5X2RseZXg3Ol,2026-09-07,2026,2030-01-01,2030.0,0.6334358828415915,2026-08-01T11:06:04.538000+00:00,37.53744746527778,LS5UEQ66nQN2,28,Last observed immediate-execution post-trade quote by cutoff; not a survey mean,Substantial AI help · before 2030,criteria_clarified_after_cutoff,https://manifold.markets/Thomas42/will-any-of-the-remaining-clay-mill
M07_2023-12-31,M07,KmvP3Ggw5z7vFATu5urA,2023-12-31,2023,2025-07-01,2025.495890410959,0.06952186754961566,2023-10-14T07:34:02.132000+00:00,78.68469753472222,NNapQgTDLL9f7enFM68J,28,Last observed immediate-execution post-trade quote by cutoff; not a survey mean,AI primary solver · June 2025,background_list_error,https://manifold.markets/TobiasH/will-an-ai-system-solve-one-of-the
M07_2024-12-31,M07,KmvP3Ggw5z7vFATu5urA,2024-12-31,2024,2025-07-01,2025.495890410959,0.08178616012676462,2024-12-02T17:41:14.640000+00:00,29.263024988425926,u6SICNqL06N0,37,Last observed immediate-execution post-trade quote by cutoff; not a survey mean,AI primary solver · June 2025,background_list_error,https://manifold.markets/TobiasH/will-an-ai-system-solve-one-of-the
M08_2024-12-31,M08,UsRnlu52sz,2024-12-31,2024,2028-01-01,2028.0,0.2957132113343886,2024-12-31T21:21:44.822000+00:00,0.10989788194444444,Lzty9tuA86EE,13,Last observed immediate-execution post-trade quote by cutoff; not a survey mean,CMI confirms AI solution · end 2027,cmi_confirmation,https://manifold.markets/DanielMittelman/will-an-ai-solve-a-millennium-probl
M08_2025-12-31,M08,UsRnlu52sz,2025-12-31,2025,2028-01-01,2028.0,0.27657624402933906,2025-10-24T14:31:53.587000+00:00,68.3945186574074,pAsU9zun0Nyh,20,Last observed immediate-execution post-trade quote by cutoff; not a survey mean,CMI confirms AI solution · end 2027,cmi_confirmation,https://manifold.markets/DanielMittelman/will-an-ai-solve-a-millennium-probl
M08_2026-09-07,M08,UsRnlu52sz,2026-09-07,2026,2028-01-01,2028.0,0.49000000000000005,2026-09-07T16:32:34.212000+00:00,0.3107151273148148,I0p2dQctqZE8,63,Last observed immediate-execution post-trade quote by cutoff; not a survey mean,CMI confirms AI solution · end 2027,cmi_confirmation,https://manifold.markets/DanielMittelman/will-an-ai-solve-a-millennium-probl
M09_2025-12-31,M09,QPZnPc5Rtd,2025-12-31,2025,2032-01-01,2032.0,0.439108181031033,2025-12-22T02:34:18.858000+00:00,9.892837280092593,0ySzz8tPctn6,12,Last observed immediate-execution post-trade quote by cutoff; not a survey mean,AI primary solver · before 2032,peer_review_community_acceptance,https://manifold.markets/Grothenfla/will-some-millennium-prize-problem
M09_2026-09-07,M09,QPZnPc5Rtd,2026-09-07,2026,2032-01-01,2032.0,0.7807486703232042,2026-09-06T09:15:17.722000+00:00,1.6143782060185186,9CE2nLChgQQy,29,Last observed immediate-execution post-trade quote by cutoff; not a survey mean,AI primary solver · before 2032,peer_review_community_acceptance,https://manifold.markets/Grothenfla/will-some-millennium-prize-problem
M10_2025-12-31,M10,lQl2h0pApI,2025-12-31,2025,2030-01-01,2030.0,0.3218051428626626,2025-10-26T01:04:09.042000+00:00,66.95545089120371,tPAgquRLRNOc,26,Last observed immediate-execution post-trade quote by cutoff; not a survey mean,No human assistance · before 2030,no_human_assistance,https://manifold.markets/waitblock/ai-solves-a-millennium-prize-proble
M10_2026-09-07,M10,lQl2h0pApI,2026-09-07,2026,2030-01-01,2030.0,0.7544927015225275,2026-09-06T09:12:23.441000+00:00,1.6163953472222221,SS9UUq2gzP96,39,Last observed immediate-execution post-trade quote by cutoff; not a survey mean,No human assistance · before 2030,no_human_assistance,https://manifold.markets/waitblock/ai-solves-a-millennium-prize-proble
M11_2026-09-07,M11,D6a8febc49,2026-09-07,2026,2030-01-01,2030.0,0.7340670851488256,2026-09-07T16:20:28.216000+00:00,0.3191178587962963,hLpUqzL2p6h9,6,Last observed immediate-execution post-trade quote by cutoff; not a survey mean,AI alone · before 2030 (clone M01),clone_M01,https://manifold.markets/JasonMendoza2008/will-artificial-intelligence-solve-L6NN8SLZIn
M12_2026-09-07,M12,D18865e22b,2026-09-07,2026,2029-01-01,2029.0,0.632803914812143,2026-09-07T16:35:25.714000+00:00,0.308730150462963,I6Z2p8nnpztQ,9,Last observed immediate-execution post-trade quote by cutoff; not a survey mean,AI solves · end 2028 (clone M05),clone_M05,https://manifold.markets/JasonMendoza2008/will-an-unsolved-millenium-prize-pr-yRq9h6qEEC
M13_2025-12-31,M13,PQA8qyC9ts,2025-12-31,2025,2027-01-01,2027.0,0.019999999999999997,2025-12-24T01:32:27.152000+00:00,7.935796840277778,IcNzdS28ldUl,9,Last observed immediate-execution post-trade quote by cutoff; not a survey mean,Verified AI-assisted solution · end 2026,wording_underspecified,https://manifold.markets/KevinRoose/will-there-be-a-verified-aiassisted
M13_2026-09-07,M13,PQA8qyC9ts,2026-09-07,2026,2027-01-01,2027.0,0.16000000000000006,2026-09-07T21:47:38.443000+00:00,0.09191615740740741,SqPt2pcZL2Ss,29,Last observed immediate-execution post-trade quote by cutoff; not a survey mean,Verified AI-assisted solution · end 2026,wording_underspecified,https://manifold.markets/KevinRoose/will-there-be-a-verified-aiassisted
