code,market_id,question,deadline_exclusive_utc,label,interpretation_flag,source_url,history_records,description_version
M01,6vw71lj8bi,Will Artificial Intelligence solve a Millennium Prize Problem before 2030?,2030-01-01,AI alone · before 2030,deadline_set,https://manifold.markets/AlanTuring/will-artificial-intelligence-solve,5614,Retrieved 2026-09-30; historical edits not fully recoverable
M02,ipq49s5f07,Will Artificial Intelligence solve a Millennium Prize Problem before 2035?,2035-01-01,AI alone · before 2035,deadline_set,https://manifold.markets/AlanTuring/will-artificial-intelligence-solve-34vdtjoulu,830,Retrieved 2026-09-30; historical edits not fully recoverable
M03,lcy2g2svq6,Will Artificial Intelligence solve a Millennium Prize Problem before 2040?,2040-01-01,AI alone · before 2040,deadline_set,https://manifold.markets/AlanTuring/will-artificial-intelligence-solve-dbj276l5nn,231,Retrieved 2026-09-30; historical edits not fully recoverable
M04,q19px3g26d,Will Artificial intelligence solve a Millennium Prize Problem before 2050?,2050-01-01,AI alone · before 2050,deadline_set,https://manifold.markets/AlanTuring/will-artificial-intelligence-solve-f4ja8dsbek,116,Retrieved 2026-09-30; historical edits not fully recoverable
M05,d8MOJWh8V5QEfl97Gm8c,Will an unsolved millenium prize problem be solved by AI by the end of 2028,2029-01-01,AI solves · end 2028,wording_underspecified,https://manifold.markets/LukaszWiklendt/will-an-unsolved-millenium-prize-pr,1249,Retrieved 2026-09-30; historical edits not fully recoverable
M06,uOBecu3y5X2RseZXg3Ol,Will any of the remaining Clay Millenium problems be solved with substantial help from an AI before 2030?,2030-01-01,Substantial AI help · before 2030,criteria_clarified_after_cutoff,https://manifold.markets/Thomas42/will-any-of-the-remaining-clay-mill,76,Retrieved 2026-09-30; historical edits not fully recoverable
M07,KmvP3Ggw5z7vFATu5urA,Will an AI System Solve One of the Remaining Millennium Prize Problems by June 2025?,2025-07-01,AI primary solver · June 2025,background_list_error,https://manifold.markets/TobiasH/will-an-ai-system-solve-one-of-the,86,Retrieved 2026-09-30; historical edits not fully recoverable
M08,UsRnlu52sz,Will an AI solve a Millennium problem by EOY 2027?,2028-01-01,CMI confirms AI solution · end 2027,cmi_confirmation,https://manifold.markets/DanielMittelman/will-an-ai-solve-a-millennium-probl,443,Retrieved 2026-09-30; historical edits not fully recoverable
M09,QPZnPc5Rtd,Will some Millennium Prize Problem be solved by AI before 2032?,2032-01-01,AI primary solver · before 2032,peer_review_community_acceptance,https://manifold.markets/Grothenfla/will-some-millennium-prize-problem,173,Retrieved 2026-09-30; historical edits not fully recoverable
M10,lQl2h0pApI,AI solves a Millennium Prize Problem before 2030?,2030-01-01,No human assistance · before 2030,no_human_assistance,https://manifold.markets/waitblock/ai-solves-a-millennium-prize-proble,164,Retrieved 2026-09-30; historical edits not fully recoverable
M11,D6a8febc49,Will Artificial Intelligence solve a Millennium Prize Problem before 2030?,2030-01-01,AI alone · before 2030 (clone M01),clone_M01,https://manifold.markets/JasonMendoza2008/will-artificial-intelligence-solve-L6NN8SLZIn,567,Retrieved 2026-09-30; historical edits not fully recoverable
M12,D18865e22b,Will an unsolved millenium prize problem be solved by AI by the end of 2028,2029-01-01,AI solves · end 2028 (clone M05),clone_M05,https://manifold.markets/JasonMendoza2008/will-an-unsolved-millenium-prize-pr-yRq9h6qEEC,366,Retrieved 2026-09-30; historical edits not fully recoverable
M13,PQA8qyC9ts,Will there be a verified AI-assisted solution to one of the Millennium Prize problems by the end of 2026?,2027-01-01,Verified AI-assisted solution · end 2026,wording_underspecified,https://manifold.markets/KevinRoose/will-there-be-a-verified-aiassisted,300,Retrieved 2026-09-30; historical edits not fully recoverable
