series,label,survey_year,survey_start,survey_end,deadline_year,probability,n_item,event,statistic,source_url,detail
espai2023,2023 · AI researchers (ESPAI),2023,2023-10-11,2023-10-24,2050,0.5,,Autonomously solve a long-standing open math problem; Millennium is one example,Published mean of fitted individual gamma CDFs,https://arxiv.org/html/2401.02843v3,"Rounded published 27-year horizon + 2023; survey total 2778, item subset. Single point only."
espai2024,2024 · AI researchers (ESPAI),2024,2024-12-09,2024-12-24,2028,0.1,130,Autonomously solve a long-standing open math problem; Millennium is one example,Published mean mixture CDF quantiles,https://aiimpacts.org/wp-content/uploads/2026/09/ESPAI2024.pdf,"Table 7, printed p.45. Survey in 2024; paper in 2026. 90% year outside main plot, retained in data."
espai2024,2024 · AI researchers (ESPAI),2024,2024-12-09,2024-12-24,2053,0.5,130,Autonomously solve a long-standing open math problem; Millennium is one example,Published mean mixture CDF quantiles,https://aiimpacts.org/wp-content/uploads/2026/09/ESPAI2024.pdf,"Table 7, printed p.45. Survey in 2024; paper in 2026. 90% year outside main plot, retained in data."
espai2024,2024 · AI researchers (ESPAI),2024,2024-12-09,2024-12-24,2822,0.9,130,Autonomously solve a long-standing open math problem; Millennium is one example,Published mean mixture CDF quantiles,https://aiimpacts.org/wp-content/uploads/2026/09/ESPAI2024.pdf,"Table 7, printed p.45. Survey in 2024; paper in 2026. 90% year outside main plot, retained in data."
leap2025_expert,2025 · All experts,2025,2025-08-18,2025-09-15,2027,0.1,277,AI solves or substantially assists with a Clay Millennium Prize Problem,Published median respondent probability,https://leap.forecastingresearch.org/reports/wave2#millennium-prize,LEAP wave 2. Expert subgroups overlap the all-expert curve; these are not independent survey waves.
leap2025_expert,2025 · All experts,2025,2025-08-18,2025-09-15,2030,0.2,277,AI solves or substantially assists with a Clay Millennium Prize Problem,Published median respondent probability,https://leap.forecastingresearch.org/reports/wave2#millennium-prize,LEAP wave 2. Expert subgroups overlap the all-expert curve; these are not independent survey waves.
leap2025_expert,2025 · All experts,2025,2025-08-18,2025-09-15,2040,0.6,277,AI solves or substantially assists with a Clay Millennium Prize Problem,Published median respondent probability,https://leap.forecastingresearch.org/reports/wave2#millennium-prize,LEAP wave 2. Expert subgroups overlap the all-expert curve; these are not independent survey waves.
leap2025_public,2025 · General public,2025,2025-08-18,2025-09-15,2027,0.11,1022,AI solves or substantially assists with a Clay Millennium Prize Problem,Published median respondent probability,https://leap.forecastingresearch.org/reports/wave2#millennium-prize,LEAP wave 2. Expert subgroups overlap the all-expert curve; these are not independent survey waves.
leap2025_public,2025 · General public,2025,2025-08-18,2025-09-15,2030,0.27,1022,AI solves or substantially assists with a Clay Millennium Prize Problem,Published median respondent probability,https://leap.forecastingresearch.org/reports/wave2#millennium-prize,LEAP wave 2. Expert subgroups overlap the all-expert curve; these are not independent survey waves.
leap2025_public,2025 · General public,2025,2025-08-18,2025-09-15,2040,0.5,1021,AI solves or substantially assists with a Clay Millennium Prize Problem,Published median respondent probability,https://leap.forecastingresearch.org/reports/wave2#millennium-prize,LEAP wave 2. Expert subgroups overlap the all-expert curve; these are not independent survey waves.
leap2025_superforecaster,2025 · Superforecasters,2025,2025-08-18,2025-09-15,2027,0.054000000000000006,58,AI solves or substantially assists with a Clay Millennium Prize Problem,Published median respondent probability,https://leap.forecastingresearch.org/reports/wave2#millennium-prize,LEAP wave 2. Expert subgroups overlap the all-expert curve; these are not independent survey waves.
leap2025_superforecaster,2025 · Superforecasters,2025,2025-08-18,2025-09-15,2030,0.2,58,AI solves or substantially assists with a Clay Millennium Prize Problem,Published median respondent probability,https://leap.forecastingresearch.org/reports/wave2#millennium-prize,LEAP wave 2. Expert subgroups overlap the all-expert curve; these are not independent survey waves.
leap2025_superforecaster,2025 · Superforecasters,2025,2025-08-18,2025-09-15,2040,0.58,58,AI solves or substantially assists with a Clay Millennium Prize Problem,Published median respondent probability,https://leap.forecastingresearch.org/reports/wave2#millennium-prize,LEAP wave 2. Expert subgroups overlap the all-expert curve; these are not independent survey waves.
leap2025_computer_science,2025 · Computer scientists,2025,2025-08-18,2025-09-15,2027,0.091,63,AI solves or substantially assists with a Clay Millennium Prize Problem,Published median respondent probability,https://leap.forecastingresearch.org/reports/wave2#millennium-prize,LEAP wave 2. Expert subgroups overlap the all-expert curve; these are not independent survey waves.
leap2025_computer_science,2025 · Computer scientists,2025,2025-08-18,2025-09-15,2030,0.21,63,AI solves or substantially assists with a Clay Millennium Prize Problem,Published median respondent probability,https://leap.forecastingresearch.org/reports/wave2#millennium-prize,LEAP wave 2. Expert subgroups overlap the all-expert curve; these are not independent survey waves.
leap2025_computer_science,2025 · Computer scientists,2025,2025-08-18,2025-09-15,2040,0.6,63,AI solves or substantially assists with a Clay Millennium Prize Problem,Published median respondent probability,https://leap.forecastingresearch.org/reports/wave2#millennium-prize,LEAP wave 2. Expert subgroups overlap the all-expert curve; these are not independent survey waves.
leap2025_economics,2025 · Economists,2025,2025-08-18,2025-09-15,2027,0.1,60,AI solves or substantially assists with a Clay Millennium Prize Problem,Published median respondent probability,https://leap.forecastingresearch.org/reports/wave2#millennium-prize,LEAP wave 2. Expert subgroups overlap the all-expert curve; these are not independent survey waves.
leap2025_economics,2025 · Economists,2025,2025-08-18,2025-09-15,2030,0.2,60,AI solves or substantially assists with a Clay Millennium Prize Problem,Published median respondent probability,https://leap.forecastingresearch.org/reports/wave2#millennium-prize,LEAP wave 2. Expert subgroups overlap the all-expert curve; these are not independent survey waves.
leap2025_economics,2025 · Economists,2025,2025-08-18,2025-09-15,2040,0.58,60,AI solves or substantially assists with a Clay Millennium Prize Problem,Published median respondent probability,https://leap.forecastingresearch.org/reports/wave2#millennium-prize,LEAP wave 2. Expert subgroups overlap the all-expert curve; these are not independent survey waves.
leap2025_industry,2025 · Industry,2025,2025-08-18,2025-09-15,2027,0.099,57,AI solves or substantially assists with a Clay Millennium Prize Problem,Published median respondent probability,https://leap.forecastingresearch.org/reports/wave2#millennium-prize,LEAP wave 2. Expert subgroups overlap the all-expert curve; these are not independent survey waves.
leap2025_industry,2025 · Industry,2025,2025-08-18,2025-09-15,2030,0.2,57,AI solves or substantially assists with a Clay Millennium Prize Problem,Published median respondent probability,https://leap.forecastingresearch.org/reports/wave2#millennium-prize,LEAP wave 2. Expert subgroups overlap the all-expert curve; these are not independent survey waves.
leap2025_industry,2025 · Industry,2025,2025-08-18,2025-09-15,2040,0.7,57,AI solves or substantially assists with a Clay Millennium Prize Problem,Published median respondent probability,https://leap.forecastingresearch.org/reports/wave2#millennium-prize,LEAP wave 2. Expert subgroups overlap the all-expert curve; these are not independent survey waves.
leap2025_policy,2025 · Policy,2025,2025-08-18,2025-09-15,2027,0.1,97,AI solves or substantially assists with a Clay Millennium Prize Problem,Published median respondent probability,https://leap.forecastingresearch.org/reports/wave2#millennium-prize,LEAP wave 2. Expert subgroups overlap the all-expert curve; these are not independent survey waves.
leap2025_policy,2025 · Policy,2025,2025-08-18,2025-09-15,2030,0.35,97,AI solves or substantially assists with a Clay Millennium Prize Problem,Published median respondent probability,https://leap.forecastingresearch.org/reports/wave2#millennium-prize,LEAP wave 2. Expert subgroups overlap the all-expert curve; these are not independent survey waves.
leap2025_policy,2025 · Policy,2025,2025-08-18,2025-09-15,2040,0.68,97,AI solves or substantially assists with a Clay Millennium Prize Problem,Published median respondent probability,https://leap.forecastingresearch.org/reports/wave2#millennium-prize,LEAP wave 2. Expert subgroups overlap the all-expert curve; these are not independent survey waves.
