model_key,model_label,mode,replicate,draw_id,seed,actual_utc_date,completed_utc_date,finish_reason,extraction_status,generated_tokens,final_answer,raw_file,raw_sha256
qwen72b,Qwen 72B,default,0,qwen72b__today_date__r00,1576408271,2026-10-03,2026-10-03,stop,direct_final,58,"I'm sorry, but as a language model, I don't have access to current information or the ability to browse the web. My knowledge is limited to what I was trained on, which was up until 2021. Is there anything else I can help you with?",/Users/yuhe/Desktop/BOLD/predictor/runs/today-date-probe-20261003/outputs/qwen72b/default/raw/qwen72b__today_date__r00.json,bdd704d662d4f6ac080d61f14ac78f93cd51d4c033ed77586945220e6192ee4e
qwen72b,Qwen 72B,default,1,qwen72b__today_date__r01,974151888,2026-10-03,2026-10-03,stop,direct_final,71,"I'm sorry, but as an AI language model, I don't have access to current information or the ability to browse the web. My training data only goes up until 2021, so I don't know what the current date is. However, you can easily check the current date on your device's calendar or by searching online.",/Users/yuhe/Desktop/BOLD/predictor/runs/today-date-probe-20261003/outputs/qwen72b/default/raw/qwen72b__today_date__r01.json,e6e4fc67ed3ace1e689834e5622deae2f374e1e8019ce678bef81f9dadbb07e5
qwen72b,Qwen 72B,default,2,qwen72b__today_date__r02,534708637,2026-10-03,2026-10-03,stop,direct_final,81,"I'm sorry, but as an AI language model, I don't have access to current information or the ability to browse the web. My training data only goes up until 2021, so I don't know what the current date is. However, you can easily find the current date by checking your electronic device's clock or calendar, or by asking someone with access to current information.",/Users/yuhe/Desktop/BOLD/predictor/runs/today-date-probe-20261003/outputs/qwen72b/default/raw/qwen72b__today_date__r02.json,4dfd7be825789ecdb9a52f466fa1ab54d6599ee0a477dfa358b893ccb431a8cf
qwen72b,Qwen 72B,default,3,qwen72b__today_date__r03,3172890448,2026-10-03,2026-10-03,stop,direct_final,16,"Today's date is January 30, 2023.",/Users/yuhe/Desktop/BOLD/predictor/runs/today-date-probe-20261003/outputs/qwen72b/default/raw/qwen72b__today_date__r03.json,5c7653d7b7a5b050366f9903ba1df9858b0cfe37c14e12da979d847056bbd84b
qwen72b,Qwen 72B,default,4,qwen72b__today_date__r04,4185450825,2026-10-03,2026-10-03,stop,direct_final,63,"I'm sorry, but as an AI language model, I don't have access to current information or the ability to browse the web. My responses are generated based on the data I was trained on, and I don't have real-time access to external information. Is there anything else I can help you with?",/Users/yuhe/Desktop/BOLD/predictor/runs/today-date-probe-20261003/outputs/qwen72b/default/raw/qwen72b__today_date__r04.json,4fe4e2648627e0ba798ca8832ccaf5a3d45137c446a466b3579e539da7251c67
qwen72b,Qwen 72B,default,5,qwen72b__today_date__r05,56984052,2026-10-03,2026-10-03,stop,direct_final,16,Today's date is 24th February 2023.,/Users/yuhe/Desktop/BOLD/predictor/runs/today-date-probe-20261003/outputs/qwen72b/default/raw/qwen72b__today_date__r05.json,afde183fa93c8eedad837f8ee91d00223cabfdf64e10b314526d4228d8ef06e8
qwen72b,Qwen 72B,default,6,qwen72b__today_date__r06,1504330651,2026-10-03,2026-10-03,stop,direct_final,16,Today's date is 24th February 2023.,/Users/yuhe/Desktop/BOLD/predictor/runs/today-date-probe-20261003/outputs/qwen72b/default/raw/qwen72b__today_date__r06.json,260f13a2514b9efdcfc7f67c603f5ac51f9624633ac7b01c6d2de3da76f191b8
qwen72b,Qwen 72B,default,7,qwen72b__today_date__r07,3323020450,2026-10-03,2026-10-03,stop,direct_final,74,"I'm sorry, but as an AI language model, I don't have access to current information or the ability to browse the web. My training data only goes up until 2021, so I cannot provide you with the current date. However, you can easily find the current date by checking a clock or calendar on your device or by searching online.",/Users/yuhe/Desktop/BOLD/predictor/runs/today-date-probe-20261003/outputs/qwen72b/default/raw/qwen72b__today_date__r07.json,0f20dfa4242f38b2094b959ecf3236fb80431a0c43931b6581111d413e974aca
qwen72b,Qwen 72B,default,8,qwen72b__today_date__r08,2475306255,2026-10-03,2026-10-03,stop,direct_final,16,Today's date is 24th February 2023.,/Users/yuhe/Desktop/BOLD/predictor/runs/today-date-probe-20261003/outputs/qwen72b/default/raw/qwen72b__today_date__r08.json,f6a77515dcfdd35d6dfd2e5c0b1dfd78a4060f9795fd6b2e1bb922e87857dcdb
qwen72b,Qwen 72B,default,9,qwen72b__today_date__r09,218911332,2026-10-03,2026-10-03,stop,direct_final,16,Today's date is 24th February 2023.,/Users/yuhe/Desktop/BOLD/predictor/runs/today-date-probe-20261003/outputs/qwen72b/default/raw/qwen72b__today_date__r09.json,3e2f7dcead148dd72befe54a448e00dcaf2e7197de05954d994439fa2a421952
qwen25_72b,Qwen2.5 72B,default,0,qwen25_72b__today_date__r00,2315431578,2026-10-03,2026-10-03,stop,direct_final,75,"Today's date is dynamically determined based on the current date when you ask. Since I don't have real-time capabilities, I can't provide the exact date. However, you can easily find out by checking a calendar or the device you're using to communicate with me. If you need help with anything specific related to today's date, feel free to let me know!",/Users/yuhe/Desktop/BOLD/predictor/runs/today-date-probe-20261003/outputs/qwen25_72b/default/raw/qwen25_72b__today_date__r00.json,76de7b6faef5a9ff90e1d2703c2539301d78fd9ce7d72c83c209245659d01bff
qwen25_72b,Qwen2.5 72B,default,1,qwen25_72b__today_date__r01,4010646448,2026-10-03,2026-10-03,stop,direct_final,59,"I don't have real-time capabilities, so I can't provide today's date. However, you can easily find out by checking a calendar or a device with internet access. If you're using a computer or a smartphone, the date is usually displayed in the system tray or status bar.",/Users/yuhe/Desktop/BOLD/predictor/runs/today-date-probe-20261003/outputs/qwen25_72b/default/raw/qwen25_72b__today_date__r01.json,ddaa9c39fc5306394c1dd2bcb3877a6f182077e152feda880058e9ac64576231
qwen25_72b,Qwen2.5 72B,default,2,qwen25_72b__today_date__r02,2582297274,2026-10-03,2026-10-03,stop,direct_final,83,"Today's date is dynamically determined based on the current day. Since I don't have a real-time clock, I can't provide the exact current date. However, you can easily check the current date on your device or by asking a smart assistant with real-time capabilities. If you need to know today's date for a specific purpose, feel free to let me know, and I can help you with that!",/Users/yuhe/Desktop/BOLD/predictor/runs/today-date-probe-20261003/outputs/qwen25_72b/default/raw/qwen25_72b__today_date__r02.json,0f7188fa9a1a04d0e07ab9d4355d2bf574ddd36c66f7058278463679e5189808
qwen25_72b,Qwen2.5 72B,default,3,qwen25_72b__today_date__r03,3412956799,2026-10-03,2026-10-03,stop,direct_final,80,"Today's date is not provided in this context, as my responses are generated without real-time data. To find out today's date, you can check a calendar, look at a device with a date display, or ask a smart assistant that has access to current date information. If you're using a computer or a smartphone, you can usually find the date in the system tray or status bar.",/Users/yuhe/Desktop/BOLD/predictor/runs/today-date-probe-20261003/outputs/qwen25_72b/default/raw/qwen25_72b__today_date__r03.json,62543a4298efbf9fc5c1a543fa0188fafb7279dbdf227c4535ed9985a518ce2f
qwen25_72b,Qwen2.5 72B,default,4,qwen25_72b__today_date__r04,2502786205,2026-10-03,2026-10-03,stop,direct_final,83,"Today's date is not something I can provide in real-time as my responses are based on the data I have been trained on, and I don't have live access to current dates or times. However, you can easily check the current date using your device or by asking a smart assistant that has real-time capabilities. If you need any help with something specific related to dates or time, feel free to ask!",/Users/yuhe/Desktop/BOLD/predictor/runs/today-date-probe-20261003/outputs/qwen25_72b/default/raw/qwen25_72b__today_date__r04.json,4e30639e3ec27e0ae881250dff75e3c2ed9f3142839c46b250c476c9d18d4df6
qwen25_72b,Qwen2.5 72B,default,5,qwen25_72b__today_date__r05,3576193995,2026-10-03,2026-10-03,stop,direct_final,82,"Today's date is not provided in this context, as my responses are generated without real-time information. To find out today's date, you can check a calendar, use a device with internet access, or ask a smart assistant that has real-time capabilities. If you're using a computer or a smartphone, you can also look at the bottom corner or the status bar, where the date is usually displayed.",/Users/yuhe/Desktop/BOLD/predictor/runs/today-date-probe-20261003/outputs/qwen25_72b/default/raw/qwen25_72b__today_date__r05.json,fb29bd52286f226e257bc87baca624f96ec350cc1ae63a5b07ad9d2f470d065c
qwen25_72b,Qwen2.5 72B,default,6,qwen25_72b__today_date__r06,1037037068,2026-10-03,2026-10-03,stop,direct_final,81,"Today's date is not provided in the context of this conversation, as I don't have real-time information. To find today's date, you can check a calendar or use a device with internet access, such as a smartphone or computer, to get the current date. If you're interacting with me through a specific application or interface, you might also be able to find the current date displayed there.",/Users/yuhe/Desktop/BOLD/predictor/runs/today-date-probe-20261003/outputs/qwen25_72b/default/raw/qwen25_72b__today_date__r06.json,8aa8e520f19b247dcf4b3d6c62b58d72b837da387bb1a1164dd41b1e99b3f2e5
qwen25_72b,Qwen2.5 72B,default,7,qwen25_72b__today_date__r07,2939964963,2026-10-03,2026-10-03,stop,direct_final,77,"Today's date is not specified in our current conversation context, as I don't have real-time capabilities. To find out today's date, you can check a calendar, use a device with internet access, or look at a clock that displays the date. If you tell me the date you see, I can certainly help you with any plans or information you need for that day!",/Users/yuhe/Desktop/BOLD/predictor/runs/today-date-probe-20261003/outputs/qwen25_72b/default/raw/qwen25_72b__today_date__r07.json,f28d45c7a7054e56763223d55e7d28d524283797391bb497248b3bfd069a51cb
qwen25_72b,Qwen2.5 72B,default,8,qwen25_72b__today_date__r08,1625908886,2026-10-03,2026-10-03,stop,direct_final,53,"Today's date is not fixed as it can change depending on when you are asking. Could you please check the current date on your device or wherever you usually get this information? If you need help with anything else or have specific questions, feel free to ask!",/Users/yuhe/Desktop/BOLD/predictor/runs/today-date-probe-20261003/outputs/qwen25_72b/default/raw/qwen25_72b__today_date__r08.json,1588fbd6df6b19bb996bbdc24909d4054c3c886a56388d3defa2fcc3f5beec50
qwen25_72b,Qwen2.5 72B,default,9,qwen25_72b__today_date__r09,1655611257,2026-10-03,2026-10-03,stop,direct_final,67,"Today's date is dynamically determined based on the current day. If you are interacting with me in real-time, I can tell you that today's date is October 4, 2023. However, if you are reading this at a different time, the date will have changed. How can I assist you further?",/Users/yuhe/Desktop/BOLD/predictor/runs/today-date-probe-20261003/outputs/qwen25_72b/default/raw/qwen25_72b__today_date__r09.json,57070ba0ed9c056bd8b21cd595ef0732245af2c66b6eec93addae3933d3a6e69
r1_distill_32b,R1 Distill 32B,default,0,r1_distill_32b__today_date__r00,4138256352,2026-10-03,2026-10-03,stop,reasoning_final,34,"Hi there! I suggest getting online to get real-time information. If you have any other questions, please don't hesitate to let me know!",/Users/yuhe/Desktop/BOLD/predictor/runs/today-date-probe-20261003/outputs/r1_distill_32b/default/raw/r1_distill_32b__today_date__r00.json,bfe478f6ccba8369890cd01d65d48ff291cd520980c5ddb92ecba4d66186e265
r1_distill_32b,R1 Distill 32B,default,1,r1_distill_32b__today_date__r01,2246205380,2026-10-03,2026-10-03,stop,reasoning_final,34,"Hi there! I suggest getting online to get real-time information. If you have any other questions, please don't hesitate to let me know!",/Users/yuhe/Desktop/BOLD/predictor/runs/today-date-probe-20261003/outputs/r1_distill_32b/default/raw/r1_distill_32b__today_date__r01.json,7310ef639d2290b874bcc77ea5c6225ed4a6e10f8dc7527dcc70a8938b1ce4bb
r1_distill_32b,R1 Distill 32B,default,2,r1_distill_32b__today_date__r02,1760142468,2026-10-03,2026-10-03,stop,reasoning_final,34,"Hi there! I suggest getting online to get real-time information. If you have any other questions, please don't hesitate to let me know!",/Users/yuhe/Desktop/BOLD/predictor/runs/today-date-probe-20261003/outputs/r1_distill_32b/default/raw/r1_distill_32b__today_date__r02.json,7aefb4d6173eb6c248a6287a27ff1b3f78d14d8af058b05830ffbd9febc52a91
r1_distill_32b,R1 Distill 32B,default,3,r1_distill_32b__today_date__r03,207063326,2026-10-03,2026-10-03,stop,reasoning_final,34,"Hi there! I suggest getting online to get real-time information. If you have any other questions, please don't hesitate to let me know!",/Users/yuhe/Desktop/BOLD/predictor/runs/today-date-probe-20261003/outputs/r1_distill_32b/default/raw/r1_distill_32b__today_date__r03.json,30034389348b7e485e1e04dd541e7223f13332e0462e383b5ba45e68bcaeeb5a
r1_distill_32b,R1 Distill 32B,default,4,r1_distill_32b__today_date__r04,4123709226,2026-10-03,2026-10-03,stop,reasoning_final,34,"Hi there! I suggest getting online to get real-time information. If you have any other questions, please don't hesitate to let me know!",/Users/yuhe/Desktop/BOLD/predictor/runs/today-date-probe-20261003/outputs/r1_distill_32b/default/raw/r1_distill_32b__today_date__r04.json,3c319dfd48f592cf7e7924e6d1e7fd1c5ad848f0e65747c121d2a686dc3a0a0e
r1_distill_32b,R1 Distill 32B,default,5,r1_distill_32b__today_date__r05,2771815797,2026-10-03,2026-10-03,stop,reasoning_final,34,"Hi there! I suggest getting online to get real-time information. If you have any other questions, please don't hesitate to let me know!",/Users/yuhe/Desktop/BOLD/predictor/runs/today-date-probe-20261003/outputs/r1_distill_32b/default/raw/r1_distill_32b__today_date__r05.json,057014ea0879ca7ef95c8bc8a5fcd875a8da421e522538a919b1cb1b8872b9b0
r1_distill_32b,R1 Distill 32B,default,6,r1_distill_32b__today_date__r06,685597411,2026-10-03,2026-10-03,stop,reasoning_final,34,"Hi there! I suggest getting online to get real-time information. If you have any other questions, please don't hesitate to let me know!",/Users/yuhe/Desktop/BOLD/predictor/runs/today-date-probe-20261003/outputs/r1_distill_32b/default/raw/r1_distill_32b__today_date__r06.json,5d6ca1b5f4f24a5c8a70803f2676b12295e33aa73c337416506da19be0448764
r1_distill_32b,R1 Distill 32B,default,7,r1_distill_32b__today_date__r07,4079189996,2026-10-03,2026-10-03,stop,reasoning_final,34,"Hi there! I suggest getting online to get real-time information. If you have any other questions, please don't hesitate to let me know!",/Users/yuhe/Desktop/BOLD/predictor/runs/today-date-probe-20261003/outputs/r1_distill_32b/default/raw/r1_distill_32b__today_date__r07.json,aff62b5120e04346bd9b4442bdeba6ee8e46b0f8e5d30dcf62e04af8d93af853
r1_distill_32b,R1 Distill 32B,default,8,r1_distill_32b__today_date__r08,197109159,2026-10-03,2026-10-03,stop,reasoning_final,34,"Hi there! I suggest getting online to get real-time information. If you have any other questions, please don't hesitate to let me know!",/Users/yuhe/Desktop/BOLD/predictor/runs/today-date-probe-20261003/outputs/r1_distill_32b/default/raw/r1_distill_32b__today_date__r08.json,b7d67914119288baabd70490028aa5a5302453ca9abbb727fefd0af7c44a692e
r1_distill_32b,R1 Distill 32B,default,9,r1_distill_32b__today_date__r09,2328016011,2026-10-03,2026-10-03,stop,reasoning_final,34,"Hi there! I suggest getting online to get real-time information. If you have any other questions, please don't hesitate to let me know!",/Users/yuhe/Desktop/BOLD/predictor/runs/today-date-probe-20261003/outputs/r1_distill_32b/default/raw/r1_distill_32b__today_date__r09.json,60c8e84510d76dc9bbc29daa1df2f0d6dff810b03ffc2a528b6934abc8d8c802
qwen3_32b,Qwen3 32B,on,0,qwen3_32b__today_date__r00,652012749,2026-10-03,2026-10-03,stop,reasoning_final,363,"I don't have access to real-time data, including the current date. However, you can easily check today's date by looking at your device's clock, calendar app, or a search engine for the most accurate and up-to-date information. Let me know if you need help with anything else! 🕓",/Users/yuhe/Desktop/BOLD/predictor/runs/today-date-probe-20261003/outputs/qwen3_32b/on/raw/qwen3_32b__today_date__r00.json,ad8e1ff2440c8488b68154d35a4b37a252d4a659a96010cfbae5e6f84b470ff5
qwen3_32b,Qwen3 32B,on,1,qwen3_32b__today_date__r01,139804043,2026-10-03,2026-10-03,stop,reasoning_final,185,"I currently don't have access to real-time data or the ability to check the current date. However, you can easily check your device's clock or a calendar for today's date. Let me know if there's anything else I can help with! 😊",/Users/yuhe/Desktop/BOLD/predictor/runs/today-date-probe-20261003/outputs/qwen3_32b/on/raw/qwen3_32b__today_date__r01.json,d785c2b1a23b3c9467bedbc4165147904bbb65afd6ec876c018c17b03ccdd182
qwen3_32b,Qwen3 32B,on,2,qwen3_32b__today_date__r02,946699227,2026-10-03,2026-10-03,stop,reasoning_final,155,"I don't have access to real-time data or the current date. However, you can easily check today's date by looking at your device's clock, calendar app, or searching online. Let me know if there's something else I can help with!",/Users/yuhe/Desktop/BOLD/predictor/runs/today-date-probe-20261003/outputs/qwen3_32b/on/raw/qwen3_32b__today_date__r02.json,21c2eacd4b08a32aa696b1bf09ee8391ffca3e9e0f462e6c6d0e17921cb21f67
qwen3_32b,Qwen3 32B,on,3,qwen3_32b__today_date__r03,557438274,2026-10-03,2026-10-03,stop,reasoning_final,267,"I can't provide real-time information like the current date, but you can easily check your device’s clock, calendar, or search online for the most accurate and up-to-date answer. If you let me know the date, I’d be happy to help with anything else! 😊",/Users/yuhe/Desktop/BOLD/predictor/runs/today-date-probe-20261003/outputs/qwen3_32b/on/raw/qwen3_32b__today_date__r03.json,a0c9211ea765b0c6eedec9a97314357b660e872d993e99d4a70284f7113d9351
qwen3_32b,Qwen3 32B,on,4,qwen3_32b__today_date__r04,2741650697,2026-10-03,2026-10-03,stop,reasoning_final,259,"I currently don't have access to real-time data or the ability to check the current date. For the most accurate information, please check your device's clock or a trusted online source. If you have another question that doesn't require up-to-the-minute updates, feel free to ask!",/Users/yuhe/Desktop/BOLD/predictor/runs/today-date-probe-20261003/outputs/qwen3_32b/on/raw/qwen3_32b__today_date__r04.json,d4f344063e32873666dee9d115bade84504bb736622cd5bd9cbc2d80f61ecd37
qwen3_32b,Qwen3 32B,on,5,qwen3_32b__today_date__r05,3223537995,2026-10-03,2026-10-03,stop,reasoning_final,325,"I'm unable to provide the current date or time, as I don't have access to real-time data. However, you can easily check today's date by looking at your device's clock, calendar, or search engine. Let me know if you need help with anything else! 😊",/Users/yuhe/Desktop/BOLD/predictor/runs/today-date-probe-20261003/outputs/qwen3_32b/on/raw/qwen3_32b__today_date__r05.json,6c5a6e5b2689956e08ed6a89e68601f9092874353e5510edbd73009af6a2e991
qwen3_32b,Qwen3 32B,on,6,qwen3_32b__today_date__r06,3755366190,2026-10-03,2026-10-03,stop,reasoning_final,256,"I don't have real-time access to the current date and time, but you can easily check today's date by:

1. Looking at your computer/laptop clock.
2. Checking your smartphone's date display.
3. Using a calendar app.
4. Searching ""What is today's date?"" on Google or another search engine.

If you have a specific question about dates, timelines, or need help calculating a date range, feel free to ask!",/Users/yuhe/Desktop/BOLD/predictor/runs/today-date-probe-20261003/outputs/qwen3_32b/on/raw/qwen3_32b__today_date__r06.json,5a08b28287fec23bc3081ab3ac14ee8c8b0b3a410bc6215ffdfb65fea9f683f2
qwen3_32b,Qwen3 32B,on,7,qwen3_32b__today_date__r07,1994110158,2026-10-03,2026-10-03,stop,reasoning_final,202,"I currently don’t have access to real-time information, including the current date or time. You can check your device's clock or search online for the most accurate details! Let me know if there’s something else I can help with. 😊",/Users/yuhe/Desktop/BOLD/predictor/runs/today-date-probe-20261003/outputs/qwen3_32b/on/raw/qwen3_32b__today_date__r07.json,6a1e34001d77ef9f2bb1bc78a897e1c840f714b38595b409ef5aaabd09781fe3
qwen3_32b,Qwen3 32B,on,8,qwen3_32b__today_date__r08,928193353,2026-10-03,2026-10-03,stop,reasoning_final,187,"I currently don't have access to real-time data or the ability to check the current date. My knowledge is up to October 2023, but I can't provide updates beyond that. For the most accurate information, please check a calendar, your device, or a reliable online source! 📅",/Users/yuhe/Desktop/BOLD/predictor/runs/today-date-probe-20261003/outputs/qwen3_32b/on/raw/qwen3_32b__today_date__r08.json,0aa7da42c14d901c24e6951e97a4e97a1d658923444bb056c5d2611fbc29e124
qwen3_32b,Qwen3 32B,on,9,qwen3_32b__today_date__r09,4262394608,2026-10-03,2026-10-03,stop,reasoning_final,321,"I don't have access to real-time data or the current date. However, if you have a specific date in mind or need information up to October 2023, feel free to ask, and I’ll do my best to assist!",/Users/yuhe/Desktop/BOLD/predictor/runs/today-date-probe-20261003/outputs/qwen3_32b/on/raw/qwen3_32b__today_date__r09.json,20202d83664ebaee18f4754fe37a900bdfca50e6570474bc1b96795654936e16
qwen3_32b,Qwen3 32B,off,0,qwen3_32b__today_date__r00,652012749,2026-10-03,2026-10-03,stop,direct_final,61,"Hello! I'm Qwen, a language model developed by Alibaba Cloud. I don't have real-time information access, so I can't tell you the current date. I recommend checking the date on your device's calendar or system settings. If you have any other questions, feel free to ask!",/Users/yuhe/Desktop/BOLD/predictor/runs/today-date-probe-20261003/outputs/qwen3_32b/off/raw/qwen3_32b__today_date__r00.json,e828a491e6e38f0de1753e77e1baacaa05bb154939b3ce623906bf3bc4c3ffd0
qwen3_32b,Qwen3 32B,off,1,qwen3_32b__today_date__r01,139804043,2026-10-03,2026-10-03,stop,direct_final,56,"I don't have access to real-time information, including the current date. My knowledge is up to July 2024. To find today's date, you can check your device's calendar or search online. Let me know if you need help with anything else!",/Users/yuhe/Desktop/BOLD/predictor/runs/today-date-probe-20261003/outputs/qwen3_32b/off/raw/qwen3_32b__today_date__r01.json,d04dea1a3468f3a9dde5410cea5d6059650ef45890d3c0addcb083a25416e24e
qwen3_32b,Qwen3 32B,off,2,qwen3_32b__today_date__r02,946699227,2026-10-03,2026-10-03,stop,direct_final,48,"I don't have access to real-time data, so I can't provide the current date. However, you can check your device's clock or calendar for the most accurate information. Let me know if you need help with anything else!",/Users/yuhe/Desktop/BOLD/predictor/runs/today-date-probe-20261003/outputs/qwen3_32b/off/raw/qwen3_32b__today_date__r02.json,d423b3f9dff61c24778538bbfc4bccc4bd7b499efc8f8713107ecf0fa82589f3
qwen3_32b,Qwen3 32B,off,3,qwen3_32b__today_date__r03,557438274,2026-10-03,2026-10-03,stop,direct_final,51,"I can't provide the current date or time because I don't have access to live data. Please check the date on your computer, phone, or a calendar app to verify today's date. Let me know if you need help with anything else!",/Users/yuhe/Desktop/BOLD/predictor/runs/today-date-probe-20261003/outputs/qwen3_32b/off/raw/qwen3_32b__today_date__r03.json,558f7f5a130b23ec11f1f9b0f32852a906fcf688f61d1760f08718bb8df97fa1
qwen3_32b,Qwen3 32B,off,4,qwen3_32b__today_date__r04,2741650697,2026-10-03,2026-10-03,stop,direct_final,59,"My training data only goes up to 2024, and I don't have real-time data access, so I can't give you the current exact date. You can check the date on your device's system or calendar. If you have other questions, feel free to ask!",/Users/yuhe/Desktop/BOLD/predictor/runs/today-date-probe-20261003/outputs/qwen3_32b/off/raw/qwen3_32b__today_date__r04.json,11c7f6a77081b1d98cb4f9cdaa7283f6148302d2fa940663f435ab510da81516
qwen3_32b,Qwen3 32B,off,5,qwen3_32b__today_date__r05,3223537995,2026-10-03,2026-10-03,stop,direct_final,31,"The current date is **Thursday, March 28, 2024**. Let me know if you need help with anything else!",/Users/yuhe/Desktop/BOLD/predictor/runs/today-date-probe-20261003/outputs/qwen3_32b/off/raw/qwen3_32b__today_date__r05.json,e3ba5861fefc8dd84da0d6ab42e94bbc2bd6471ca0573c69e5571babceb6960b
qwen3_32b,Qwen3 32B,off,6,qwen3_32b__today_date__r06,3755366190,2026-10-03,2026-10-03,stop,direct_final,37,"I can't provide real-time information, including the current date. I recommend checking a clock, calendar, or your device's settings for the most accurate and up-to-date information.",/Users/yuhe/Desktop/BOLD/predictor/runs/today-date-probe-20261003/outputs/qwen3_32b/off/raw/qwen3_32b__today_date__r06.json,02022b1500b5ad6d509e0b3834420b378253152c1e2775f6b365a3bdad790a54
qwen3_32b,Qwen3 32B,off,7,qwen3_32b__today_date__r07,1994110158,2026-10-03,2026-10-03,stop,direct_final,55,"I am unable to determine the current date. My knowledge is up-to-date as of October 2024, so please verify the actual date using a calendar, device, or online source. Let me know if there's something specific you'd like help with!",/Users/yuhe/Desktop/BOLD/predictor/runs/today-date-probe-20261003/outputs/qwen3_32b/off/raw/qwen3_32b__today_date__r07.json,ba3c06e0e08bcedce4b425b49ebce812e80224406fdb9afe5a6e27f9ffc75a79
qwen3_32b,Qwen3 32B,off,8,qwen3_32b__today_date__r08,928193353,2026-10-03,2026-10-03,stop,direct_final,45,I cannot access the current date or real-time information. You can check today's date using your device’s clock or calendar app for the most accurate details. Let me know if there's something else I can help with!,/Users/yuhe/Desktop/BOLD/predictor/runs/today-date-probe-20261003/outputs/qwen3_32b/off/raw/qwen3_32b__today_date__r08.json,592e22aa829ed071ec44f6c0a384b1d1b6e44df30b68edb91ba213d1f90721df
qwen3_32b,Qwen3 32B,off,9,qwen3_32b__today_date__r09,4262394608,2026-10-03,2026-10-03,stop,direct_final,30,"My current date is October 11, 2024. If you have any questions or need assistance, please let me know!",/Users/yuhe/Desktop/BOLD/predictor/runs/today-date-probe-20261003/outputs/qwen3_32b/off/raw/qwen3_32b__today_date__r09.json,6c1204e7adcd3e80d1bc08a56cf532b5ed34633299ae29f7e0e8ef54db60bdd9
qwen38_27b,Qwen3.8 27B,on,0,qwen38_27b__today_date__r00,3424632128,2026-10-03,2026-10-03,stop,reasoning_final,275,"I don't have access to real-time information, so I can't tell you today's exact date. I'd recommend checking your phone, computer, or any device with a clock for the current date.

Is there anything else I can help you with?",/Users/yuhe/Desktop/BOLD/predictor/runs/today-date-probe-20261003/outputs/qwen38_27b/on/raw/qwen38_27b__today_date__r00.json,942a4ced04af126b2659dae3ab6991cc146e803170eb1db2f7d5088930474d3c
qwen38_27b,Qwen3.8 27B,on,1,qwen38_27b__today_date__r01,2467694915,2026-10-03,2026-10-03,stop,reasoning_final,67,"Today’s date is May 27, 2026.",/Users/yuhe/Desktop/BOLD/predictor/runs/today-date-probe-20261003/outputs/qwen38_27b/on/raw/qwen38_27b__today_date__r01.json,f216ae3d65a8625b8214b2584bf603da044c19ad73327ca0b5605a0238216692
qwen38_27b,Qwen3.8 27B,on,2,qwen38_27b__today_date__r02,2998322462,2026-10-03,2026-10-03,stop,reasoning_final,111,"Today’s date is June 17, 2026.",/Users/yuhe/Desktop/BOLD/predictor/runs/today-date-probe-20261003/outputs/qwen38_27b/on/raw/qwen38_27b__today_date__r02.json,fae02121a19878d1d0c69648adb67431ee76f7c39576c6c573710ee5bbdadf25
qwen38_27b,Qwen3.8 27B,on,3,qwen38_27b__today_date__r03,2028838204,2026-10-03,2026-10-03,stop,reasoning_final,92,"Today’s date is June 15, 2026.",/Users/yuhe/Desktop/BOLD/predictor/runs/today-date-probe-20261003/outputs/qwen38_27b/on/raw/qwen38_27b__today_date__r03.json,2cf5cb02c1a8c60c90f01058363018258a3078a81ead49fb953e9b8b975f1ab6
qwen38_27b,Qwen3.8 27B,on,4,qwen38_27b__today_date__r04,559171576,2026-10-03,2026-10-03,stop,reasoning_final,119,"Today's date is June 15, 2026.",/Users/yuhe/Desktop/BOLD/predictor/runs/today-date-probe-20261003/outputs/qwen38_27b/on/raw/qwen38_27b__today_date__r04.json,4cad6337ad8a88a06d38fcef8873c4a7a5d6d8b1ee914e15a37e0f46da2c7fc5
qwen38_27b,Qwen3.8 27B,on,5,qwen38_27b__today_date__r05,946549541,2026-10-03,2026-10-03,stop,reasoning_final,275,"Today’s date is Thursday, August 14, 2025.",/Users/yuhe/Desktop/BOLD/predictor/runs/today-date-probe-20261003/outputs/qwen38_27b/on/raw/qwen38_27b__today_date__r05.json,a78f66d0031123df999789e53d6912e8a84010b03713532b135eb09ea9ef5734
qwen38_27b,Qwen3.8 27B,on,6,qwen38_27b__today_date__r06,337762778,2026-10-03,2026-10-03,stop,reasoning_final,60,"Today's date is May 27, 2026.",/Users/yuhe/Desktop/BOLD/predictor/runs/today-date-probe-20261003/outputs/qwen38_27b/on/raw/qwen38_27b__today_date__r06.json,3bdc8938f25e3b18ec144dbfef41610d9d48f0c5bf9039409eec58e28fb8e97f
qwen38_27b,Qwen3.8 27B,on,7,qwen38_27b__today_date__r07,1798783148,2026-10-03,2026-10-03,stop,reasoning_final,80,"Today’s date is **Thursday, January 22, 2026**.",/Users/yuhe/Desktop/BOLD/predictor/runs/today-date-probe-20261003/outputs/qwen38_27b/on/raw/qwen38_27b__today_date__r07.json,5eace31ca66249b4825741a98c07767c5b86486d0ccaa7f89cbb7c230df7f3d8
qwen38_27b,Qwen3.8 27B,on,8,qwen38_27b__today_date__r08,3096298692,2026-10-03,2026-10-03,stop,reasoning_final,93,"I don't have access to real-time information, so I can't tell you today's exact date. You can quickly check the date on your device (phone, computer, etc.). Is there anything else I can help you with?",/Users/yuhe/Desktop/BOLD/predictor/runs/today-date-probe-20261003/outputs/qwen38_27b/on/raw/qwen38_27b__today_date__r08.json,4185b4f43ae46b329f42286c2500d98867ad3187173d92f81a380565b9c55104
qwen38_27b,Qwen3.8 27B,on,9,qwen38_27b__today_date__r09,2561984564,2026-10-03,2026-10-03,stop,reasoning_final,102,"Today's date is March 23, 2026.",/Users/yuhe/Desktop/BOLD/predictor/runs/today-date-probe-20261003/outputs/qwen38_27b/on/raw/qwen38_27b__today_date__r09.json,8e4ca36d2168b91c9f0a995bbf98558a2e7b94f1ed058a2fd60e1d4bbd3db7f1
qwen38_27b,Qwen3.8 27B,off,0,qwen38_27b__today_date__r00,3424632128,2026-10-03,2026-10-03,stop,direct_final,17,"Today is **Wednesday, May 22, 2024**.",/Users/yuhe/Desktop/BOLD/predictor/runs/today-date-probe-20261003/outputs/qwen38_27b/off/raw/qwen38_27b__today_date__r00.json,2b3da4736d252a899a66d4506473764e775da541e2e5c392cbc6cf401d1ccf5b
qwen38_27b,Qwen3.8 27B,off,1,qwen38_27b__today_date__r01,2467694915,2026-10-03,2026-10-03,stop,direct_final,17,"Today is **Wednesday, May 22, 2024**.",/Users/yuhe/Desktop/BOLD/predictor/runs/today-date-probe-20261003/outputs/qwen38_27b/off/raw/qwen38_27b__today_date__r01.json,40340dba06ce0fe167cfb67cc9867d2894c34c07314a3dafc9b4a7affd7feae8
qwen38_27b,Qwen3.8 27B,off,2,qwen38_27b__today_date__r02,2998322462,2026-10-03,2026-10-03,stop,direct_final,19,"Today's date is **Friday, May 24, 2024**.",/Users/yuhe/Desktop/BOLD/predictor/runs/today-date-probe-20261003/outputs/qwen38_27b/off/raw/qwen38_27b__today_date__r02.json,46d028b70eb1e77de803e664455098003635afc2cc1637eb0e2adcd2ccd6c01d
qwen38_27b,Qwen3.8 27B,off,3,qwen38_27b__today_date__r03,2028838204,2026-10-03,2026-10-03,stop,direct_final,17,"Today's date is **May 22, 2024**.",/Users/yuhe/Desktop/BOLD/predictor/runs/today-date-probe-20261003/outputs/qwen38_27b/off/raw/qwen38_27b__today_date__r03.json,a9a6aafda1f90795f622dcacd233a0a5340db9581010fbc580c86ba7d0612fa1
qwen38_27b,Qwen3.8 27B,off,4,qwen38_27b__today_date__r04,559171576,2026-10-03,2026-10-03,stop,direct_final,17,"Today's date is **June 21, 2024**.",/Users/yuhe/Desktop/BOLD/predictor/runs/today-date-probe-20261003/outputs/qwen38_27b/off/raw/qwen38_27b__today_date__r04.json,b76620b871048647fa254cf824183ac764f79662e835d9a1ebea3da4ecb35a91
qwen38_27b,Qwen3.8 27B,off,5,qwen38_27b__today_date__r05,946549541,2026-10-03,2026-10-03,stop,direct_final,17,"Today's date is **May 22, 2024**.",/Users/yuhe/Desktop/BOLD/predictor/runs/today-date-probe-20261003/outputs/qwen38_27b/off/raw/qwen38_27b__today_date__r05.json,4b50ce27a1caffa018f54a1ca376e6b78a9a07f42d80efe3cf20ef7eb7715f1d
qwen38_27b,Qwen3.8 27B,off,6,qwen38_27b__today_date__r06,337762778,2026-10-03,2026-10-03,stop,direct_final,19,"Today's date is **Wednesday, May 22, 2024**.",/Users/yuhe/Desktop/BOLD/predictor/runs/today-date-probe-20261003/outputs/qwen38_27b/off/raw/qwen38_27b__today_date__r06.json,6260417a4dad5076428eb975e42e7393b77851f7d8c1d09615cd4df032543563
qwen38_27b,Qwen3.8 27B,off,7,qwen38_27b__today_date__r07,1798783148,2026-10-03,2026-10-03,stop,direct_final,17,"Today's date is **May 22, 2024**.",/Users/yuhe/Desktop/BOLD/predictor/runs/today-date-probe-20261003/outputs/qwen38_27b/off/raw/qwen38_27b__today_date__r07.json,e381f6ff08dcc321a016540fbd74e2dd0b6d3e99f0df059e96892c6051ffb70c
qwen38_27b,Qwen3.8 27B,off,8,qwen38_27b__today_date__r08,3096298692,2026-10-03,2026-10-03,stop,direct_final,19,"Today's date is **Tuesday, May 21, 2024**.",/Users/yuhe/Desktop/BOLD/predictor/runs/today-date-probe-20261003/outputs/qwen38_27b/off/raw/qwen38_27b__today_date__r08.json,33e2bd61cfbf3edb8c92eae7d0418a8026a3104214423a8400406416edafea52
qwen38_27b,Qwen3.8 27B,off,9,qwen38_27b__today_date__r09,2561984564,2026-10-03,2026-10-03,stop,direct_final,19,"Today's date is **Sunday, May 22, 2024**.",/Users/yuhe/Desktop/BOLD/predictor/runs/today-date-probe-20261003/outputs/qwen38_27b/off/raw/qwen38_27b__today_date__r09.json,c0dec706c09773cd9a18d179b419209a6c1a272595a89837a1409ee3f528163f
