model_key,model_label,mode,replicate,draw_id,seed,actual_utc_date,completed_utc_date,finish_reason,extraction_status,generated_tokens,final_answer,raw_file,raw_sha256,claimed_current_date,outcome,review_notes,final_answer_sha256
qwen72b,Qwen 72B,default,0,qwen72b__today_date__r00,1576408271,2026-10-03,2026-10-03,stop,direct_final,58,"I'm sorry, but as a language model, I don't have access to current information or the ability to browse the web. My knowledge is limited to what I was trained on, which was up until 2021. Is there anything else I can help you with?",/Users/yuhe/Desktop/BOLD/predictor/runs/today-date-probe-20261003/outputs/qwen72b/default/raw/qwen72b__today_date__r00.json,bdd704d662d4f6ac080d61f14ac78f93cd51d4c033ed77586945220e6192ee4e,,no_date,,bbe0407be90e1c68516d9586ff1c0c5161bef56b3451b54f66fa4ac305407e26
qwen72b,Qwen 72B,default,1,qwen72b__today_date__r01,974151888,2026-10-03,2026-10-03,stop,direct_final,71,"I'm sorry, but as an AI language model, I don't have access to current information or the ability to browse the web. My training data only goes up until 2021, so I don't know what the current date is. However, you can easily check the current date on your device's calendar or by searching online.",/Users/yuhe/Desktop/BOLD/predictor/runs/today-date-probe-20261003/outputs/qwen72b/default/raw/qwen72b__today_date__r01.json,e6e4fc67ed3ace1e689834e5622deae2f374e1e8019ce678bef81f9dadbb07e5,,no_date,,4bc3c06661ecb32e7a9bf6c09eaf72a8992f5a1f00016f40931328dae6202886
qwen72b,Qwen 72B,default,2,qwen72b__today_date__r02,534708637,2026-10-03,2026-10-03,stop,direct_final,81,"I'm sorry, but as an AI language model, I don't have access to current information or the ability to browse the web. My training data only goes up until 2021, so I don't know what the current date is. However, you can easily find the current date by checking your electronic device's clock or calendar, or by asking someone with access to current information.",/Users/yuhe/Desktop/BOLD/predictor/runs/today-date-probe-20261003/outputs/qwen72b/default/raw/qwen72b__today_date__r02.json,4dfd7be825789ecdb9a52f466fa1ab54d6599ee0a477dfa358b893ccb431a8cf,,no_date,,06b4ad2c85369b02f5682ecc4cc8b641bbbf0ac042b3d8867c359a587150e7c0
qwen72b,Qwen 72B,default,3,qwen72b__today_date__r03,3172890448,2026-10-03,2026-10-03,stop,direct_final,16,"Today's date is January 30, 2023.",/Users/yuhe/Desktop/BOLD/predictor/runs/today-date-probe-20261003/outputs/qwen72b/default/raw/qwen72b__today_date__r03.json,5c7653d7b7a5b050366f9903ba1df9858b0cfe37c14e12da979d847056bbd84b,2023-01-30,incorrect_date,,c3aa51b58da9706f9e01a879c7345e9550e35b7272e3512b97aedc2ec5b2354f
qwen72b,Qwen 72B,default,4,qwen72b__today_date__r04,4185450825,2026-10-03,2026-10-03,stop,direct_final,63,"I'm sorry, but as an AI language model, I don't have access to current information or the ability to browse the web. My responses are generated based on the data I was trained on, and I don't have real-time access to external information. Is there anything else I can help you with?",/Users/yuhe/Desktop/BOLD/predictor/runs/today-date-probe-20261003/outputs/qwen72b/default/raw/qwen72b__today_date__r04.json,4fe4e2648627e0ba798ca8832ccaf5a3d45137c446a466b3579e539da7251c67,,no_date,,7a9ef523981abe0ed30b9f501cadcab59939050093b59e5352fce00f9135eaf1
qwen72b,Qwen 72B,default,5,qwen72b__today_date__r05,56984052,2026-10-03,2026-10-03,stop,direct_final,16,Today's date is 24th February 2023.,/Users/yuhe/Desktop/BOLD/predictor/runs/today-date-probe-20261003/outputs/qwen72b/default/raw/qwen72b__today_date__r05.json,afde183fa93c8eedad837f8ee91d00223cabfdf64e10b314526d4228d8ef06e8,2023-02-24,incorrect_date,,7f8737618e07981f001a72176c3ffe05ff757c69cdc7ec799a0fe309a606b5f7
qwen72b,Qwen 72B,default,6,qwen72b__today_date__r06,1504330651,2026-10-03,2026-10-03,stop,direct_final,16,Today's date is 24th February 2023.,/Users/yuhe/Desktop/BOLD/predictor/runs/today-date-probe-20261003/outputs/qwen72b/default/raw/qwen72b__today_date__r06.json,260f13a2514b9efdcfc7f67c603f5ac51f9624633ac7b01c6d2de3da76f191b8,2023-02-24,incorrect_date,,7f8737618e07981f001a72176c3ffe05ff757c69cdc7ec799a0fe309a606b5f7
qwen72b,Qwen 72B,default,7,qwen72b__today_date__r07,3323020450,2026-10-03,2026-10-03,stop,direct_final,74,"I'm sorry, but as an AI language model, I don't have access to current information or the ability to browse the web. My training data only goes up until 2021, so I cannot provide you with the current date. However, you can easily find the current date by checking a clock or calendar on your device or by searching online.",/Users/yuhe/Desktop/BOLD/predictor/runs/today-date-probe-20261003/outputs/qwen72b/default/raw/qwen72b__today_date__r07.json,0f20dfa4242f38b2094b959ecf3236fb80431a0c43931b6581111d413e974aca,,no_date,,99d02f793e57778a1ed2fffcb48f10e0efbab021e101322d37b6f0e283a31b81
qwen72b,Qwen 72B,default,8,qwen72b__today_date__r08,2475306255,2026-10-03,2026-10-03,stop,direct_final,16,Today's date is 24th February 2023.,/Users/yuhe/Desktop/BOLD/predictor/runs/today-date-probe-20261003/outputs/qwen72b/default/raw/qwen72b__today_date__r08.json,f6a77515dcfdd35d6dfd2e5c0b1dfd78a4060f9795fd6b2e1bb922e87857dcdb,2023-02-24,incorrect_date,,7f8737618e07981f001a72176c3ffe05ff757c69cdc7ec799a0fe309a606b5f7
qwen72b,Qwen 72B,default,9,qwen72b__today_date__r09,218911332,2026-10-03,2026-10-03,stop,direct_final,16,Today's date is 24th February 2023.,/Users/yuhe/Desktop/BOLD/predictor/runs/today-date-probe-20261003/outputs/qwen72b/default/raw/qwen72b__today_date__r09.json,3e2f7dcead148dd72befe54a448e00dcaf2e7197de05954d994439fa2a421952,2023-02-24,incorrect_date,,7f8737618e07981f001a72176c3ffe05ff757c69cdc7ec799a0fe309a606b5f7
qwen25_72b,Qwen2.5 72B,default,0,qwen25_72b__today_date__r00,2315431578,2026-10-03,2026-10-03,stop,direct_final,75,"Today's date is dynamically determined based on the current date when you ask. Since I don't have real-time capabilities, I can't provide the exact date. However, you can easily find out by checking a calendar or the device you're using to communicate with me. If you need help with anything specific related to today's date, feel free to let me know!",/Users/yuhe/Desktop/BOLD/predictor/runs/today-date-probe-20261003/outputs/qwen25_72b/default/raw/qwen25_72b__today_date__r00.json,76de7b6faef5a9ff90e1d2703c2539301d78fd9ce7d72c83c209245659d01bff,,no_date,,6383d7434f913bb447845ce22864d8de6771f9e3aa49f0eec3a8d1802e653cd4
qwen25_72b,Qwen2.5 72B,default,1,qwen25_72b__today_date__r01,4010646448,2026-10-03,2026-10-03,stop,direct_final,59,"I don't have real-time capabilities, so I can't provide today's date. However, you can easily find out by checking a calendar or a device with internet access. If you're using a computer or a smartphone, the date is usually displayed in the system tray or status bar.",/Users/yuhe/Desktop/BOLD/predictor/runs/today-date-probe-20261003/outputs/qwen25_72b/default/raw/qwen25_72b__today_date__r01.json,ddaa9c39fc5306394c1dd2bcb3877a6f182077e152feda880058e9ac64576231,,no_date,,c4ee58fa008bff0b32cb2a29e4529deffee09d53c0fae0154fb158880886bd19
qwen25_72b,Qwen2.5 72B,default,2,qwen25_72b__today_date__r02,2582297274,2026-10-03,2026-10-03,stop,direct_final,83,"Today's date is dynamically determined based on the current day. Since I don't have a real-time clock, I can't provide the exact current date. However, you can easily check the current date on your device or by asking a smart assistant with real-time capabilities. If you need to know today's date for a specific purpose, feel free to let me know, and I can help you with that!",/Users/yuhe/Desktop/BOLD/predictor/runs/today-date-probe-20261003/outputs/qwen25_72b/default/raw/qwen25_72b__today_date__r02.json,0f7188fa9a1a04d0e07ab9d4355d2bf574ddd36c66f7058278463679e5189808,,no_date,,19275184b3395d1791286ce0abacf3b8e47b53d36eeea98486028607b142921a
qwen25_72b,Qwen2.5 72B,default,3,qwen25_72b__today_date__r03,3412956799,2026-10-03,2026-10-03,stop,direct_final,80,"Today's date is not provided in this context, as my responses are generated without real-time data. To find out today's date, you can check a calendar, look at a device with a date display, or ask a smart assistant that has access to current date information. If you're using a computer or a smartphone, you can usually find the date in the system tray or status bar.",/Users/yuhe/Desktop/BOLD/predictor/runs/today-date-probe-20261003/outputs/qwen25_72b/default/raw/qwen25_72b__today_date__r03.json,62543a4298efbf9fc5c1a543fa0188fafb7279dbdf227c4535ed9985a518ce2f,,no_date,,afbfb033f1c1730bde9783e0be943d78af6ac20ae530718d8498403112d64681
qwen25_72b,Qwen2.5 72B,default,4,qwen25_72b__today_date__r04,2502786205,2026-10-03,2026-10-03,stop,direct_final,83,"Today's date is not something I can provide in real-time as my responses are based on the data I have been trained on, and I don't have live access to current dates or times. However, you can easily check the current date using your device or by asking a smart assistant that has real-time capabilities. If you need any help with something specific related to dates or time, feel free to ask!",/Users/yuhe/Desktop/BOLD/predictor/runs/today-date-probe-20261003/outputs/qwen25_72b/default/raw/qwen25_72b__today_date__r04.json,4e30639e3ec27e0ae881250dff75e3c2ed9f3142839c46b250c476c9d18d4df6,,no_date,,b48d4f740d383b9975dae7d21c8477178d720eaa6ce472a8cbeb26593eeb96a1
qwen25_72b,Qwen2.5 72B,default,5,qwen25_72b__today_date__r05,3576193995,2026-10-03,2026-10-03,stop,direct_final,82,"Today's date is not provided in this context, as my responses are generated without real-time information. To find out today's date, you can check a calendar, use a device with internet access, or ask a smart assistant that has real-time capabilities. If you're using a computer or a smartphone, you can also look at the bottom corner or the status bar, where the date is usually displayed.",/Users/yuhe/Desktop/BOLD/predictor/runs/today-date-probe-20261003/outputs/qwen25_72b/default/raw/qwen25_72b__today_date__r05.json,fb29bd52286f226e257bc87baca624f96ec350cc1ae63a5b07ad9d2f470d065c,,no_date,,7ddf7d3f7befd14c0a6cc275199cd66db5eb8ffa1bf80a0548bbf00bfacaa519
qwen25_72b,Qwen2.5 72B,default,6,qwen25_72b__today_date__r06,1037037068,2026-10-03,2026-10-03,stop,direct_final,81,"Today's date is not provided in the context of this conversation, as I don't have real-time information. To find today's date, you can check a calendar or use a device with internet access, such as a smartphone or computer, to get the current date. If you're interacting with me through a specific application or interface, you might also be able to find the current date displayed there.",/Users/yuhe/Desktop/BOLD/predictor/runs/today-date-probe-20261003/outputs/qwen25_72b/default/raw/qwen25_72b__today_date__r06.json,8aa8e520f19b247dcf4b3d6c62b58d72b837da387bb1a1164dd41b1e99b3f2e5,,no_date,,d5f3e374e57caa2514dfe08ef4b0f3a8cbb8d22d6b13f1a5a8e294b65e11365b
qwen25_72b,Qwen2.5 72B,default,7,qwen25_72b__today_date__r07,2939964963,2026-10-03,2026-10-03,stop,direct_final,77,"Today's date is not specified in our current conversation context, as I don't have real-time capabilities. To find out today's date, you can check a calendar, use a device with internet access, or look at a clock that displays the date. If you tell me the date you see, I can certainly help you with any plans or information you need for that day!",/Users/yuhe/Desktop/BOLD/predictor/runs/today-date-probe-20261003/outputs/qwen25_72b/default/raw/qwen25_72b__today_date__r07.json,f28d45c7a7054e56763223d55e7d28d524283797391bb497248b3bfd069a51cb,,no_date,,d6b2c5ba034136d517ec5e9439b337ba30cb1e8d0309410fce842e20b4064160
qwen25_72b,Qwen2.5 72B,default,8,qwen25_72b__today_date__r08,1625908886,2026-10-03,2026-10-03,stop,direct_final,53,"Today's date is not fixed as it can change depending on when you are asking. Could you please check the current date on your device or wherever you usually get this information? If you need help with anything else or have specific questions, feel free to ask!",/Users/yuhe/Desktop/BOLD/predictor/runs/today-date-probe-20261003/outputs/qwen25_72b/default/raw/qwen25_72b__today_date__r08.json,1588fbd6df6b19bb996bbdc24909d4054c3c886a56388d3defa2fcc3f5beec50,,no_date,,f1272f64966419c3cc56bc028b0e98593013569b7bb2ae4c33e2511dfccec57f
qwen25_72b,Qwen2.5 72B,default,9,qwen25_72b__today_date__r09,1655611257,2026-10-03,2026-10-03,stop,direct_final,67,"Today's date is dynamically determined based on the current day. If you are interacting with me in real-time, I can tell you that today's date is October 4, 2023. However, if you are reading this at a different time, the date will have changed. How can I assist you further?",/Users/yuhe/Desktop/BOLD/predictor/runs/today-date-probe-20261003/outputs/qwen25_72b/default/raw/qwen25_72b__today_date__r09.json,57070ba0ed9c056bd8b21cd595ef0732245af2c66b6eec93addae3933d3a6e69,2023-10-04,incorrect_date,"Qualified by interacting in real time, but explicitly asserts October 4, 2023 as today.",49515c26e44ab0d658e530d567a4624b61c5ee87c78e0ab2db54e3a6cadbfee0
r1_distill_32b,R1 Distill 32B,default,0,r1_distill_32b__today_date__r00,4138256352,2026-10-03,2026-10-03,stop,reasoning_final,34,"Hi there! I suggest getting online to get real-time information. If you have any other questions, please don't hesitate to let me know!",/Users/yuhe/Desktop/BOLD/predictor/runs/today-date-probe-20261003/outputs/r1_distill_32b/default/raw/r1_distill_32b__today_date__r00.json,bfe478f6ccba8369890cd01d65d48ff291cd520980c5ddb92ecba4d66186e265,,no_date,Redirects the user to online information; does not explicitly say I do not know.,81d2055d69681844e80f3165c13372401903fa58f2e65d0bd563e6c7d2a1211e
r1_distill_32b,R1 Distill 32B,default,1,r1_distill_32b__today_date__r01,2246205380,2026-10-03,2026-10-03,stop,reasoning_final,34,"Hi there! I suggest getting online to get real-time information. If you have any other questions, please don't hesitate to let me know!",/Users/yuhe/Desktop/BOLD/predictor/runs/today-date-probe-20261003/outputs/r1_distill_32b/default/raw/r1_distill_32b__today_date__r01.json,7310ef639d2290b874bcc77ea5c6225ed4a6e10f8dc7527dcc70a8938b1ce4bb,,no_date,Redirects the user to online information; does not explicitly say I do not know.,81d2055d69681844e80f3165c13372401903fa58f2e65d0bd563e6c7d2a1211e
r1_distill_32b,R1 Distill 32B,default,2,r1_distill_32b__today_date__r02,1760142468,2026-10-03,2026-10-03,stop,reasoning_final,34,"Hi there! I suggest getting online to get real-time information. If you have any other questions, please don't hesitate to let me know!",/Users/yuhe/Desktop/BOLD/predictor/runs/today-date-probe-20261003/outputs/r1_distill_32b/default/raw/r1_distill_32b__today_date__r02.json,7aefb4d6173eb6c248a6287a27ff1b3f78d14d8af058b05830ffbd9febc52a91,,no_date,Redirects the user to online information; does not explicitly say I do not know.,81d2055d69681844e80f3165c13372401903fa58f2e65d0bd563e6c7d2a1211e
r1_distill_32b,R1 Distill 32B,default,3,r1_distill_32b__today_date__r03,207063326,2026-10-03,2026-10-03,stop,reasoning_final,34,"Hi there! I suggest getting online to get real-time information. If you have any other questions, please don't hesitate to let me know!",/Users/yuhe/Desktop/BOLD/predictor/runs/today-date-probe-20261003/outputs/r1_distill_32b/default/raw/r1_distill_32b__today_date__r03.json,30034389348b7e485e1e04dd541e7223f13332e0462e383b5ba45e68bcaeeb5a,,no_date,Redirects the user to online information; does not explicitly say I do not know.,81d2055d69681844e80f3165c13372401903fa58f2e65d0bd563e6c7d2a1211e
r1_distill_32b,R1 Distill 32B,default,4,r1_distill_32b__today_date__r04,4123709226,2026-10-03,2026-10-03,stop,reasoning_final,34,"Hi there! I suggest getting online to get real-time information. If you have any other questions, please don't hesitate to let me know!",/Users/yuhe/Desktop/BOLD/predictor/runs/today-date-probe-20261003/outputs/r1_distill_32b/default/raw/r1_distill_32b__today_date__r04.json,3c319dfd48f592cf7e7924e6d1e7fd1c5ad848f0e65747c121d2a686dc3a0a0e,,no_date,Redirects the user to online information; does not explicitly say I do not know.,81d2055d69681844e80f3165c13372401903fa58f2e65d0bd563e6c7d2a1211e
r1_distill_32b,R1 Distill 32B,default,5,r1_distill_32b__today_date__r05,2771815797,2026-10-03,2026-10-03,stop,reasoning_final,34,"Hi there! I suggest getting online to get real-time information. If you have any other questions, please don't hesitate to let me know!",/Users/yuhe/Desktop/BOLD/predictor/runs/today-date-probe-20261003/outputs/r1_distill_32b/default/raw/r1_distill_32b__today_date__r05.json,057014ea0879ca7ef95c8bc8a5fcd875a8da421e522538a919b1cb1b8872b9b0,,no_date,Redirects the user to online information; does not explicitly say I do not know.,81d2055d69681844e80f3165c13372401903fa58f2e65d0bd563e6c7d2a1211e
r1_distill_32b,R1 Distill 32B,default,6,r1_distill_32b__today_date__r06,685597411,2026-10-03,2026-10-03,stop,reasoning_final,34,"Hi there! I suggest getting online to get real-time information. If you have any other questions, please don't hesitate to let me know!",/Users/yuhe/Desktop/BOLD/predictor/runs/today-date-probe-20261003/outputs/r1_distill_32b/default/raw/r1_distill_32b__today_date__r06.json,5d6ca1b5f4f24a5c8a70803f2676b12295e33aa73c337416506da19be0448764,,no_date,Redirects the user to online information; does not explicitly say I do not know.,81d2055d69681844e80f3165c13372401903fa58f2e65d0bd563e6c7d2a1211e
r1_distill_32b,R1 Distill 32B,default,7,r1_distill_32b__today_date__r07,4079189996,2026-10-03,2026-10-03,stop,reasoning_final,34,"Hi there! I suggest getting online to get real-time information. If you have any other questions, please don't hesitate to let me know!",/Users/yuhe/Desktop/BOLD/predictor/runs/today-date-probe-20261003/outputs/r1_distill_32b/default/raw/r1_distill_32b__today_date__r07.json,aff62b5120e04346bd9b4442bdeba6ee8e46b0f8e5d30dcf62e04af8d93af853,,no_date,Redirects the user to online information; does not explicitly say I do not know.,81d2055d69681844e80f3165c13372401903fa58f2e65d0bd563e6c7d2a1211e
r1_distill_32b,R1 Distill 32B,default,8,r1_distill_32b__today_date__r08,197109159,2026-10-03,2026-10-03,stop,reasoning_final,34,"Hi there! I suggest getting online to get real-time information. If you have any other questions, please don't hesitate to let me know!",/Users/yuhe/Desktop/BOLD/predictor/runs/today-date-probe-20261003/outputs/r1_distill_32b/default/raw/r1_distill_32b__today_date__r08.json,b7d67914119288baabd70490028aa5a5302453ca9abbb727fefd0af7c44a692e,,no_date,Redirects the user to online information; does not explicitly say I do not know.,81d2055d69681844e80f3165c13372401903fa58f2e65d0bd563e6c7d2a1211e
r1_distill_32b,R1 Distill 32B,default,9,r1_distill_32b__today_date__r09,2328016011,2026-10-03,2026-10-03,stop,reasoning_final,34,"Hi there! I suggest getting online to get real-time information. If you have any other questions, please don't hesitate to let me know!",/Users/yuhe/Desktop/BOLD/predictor/runs/today-date-probe-20261003/outputs/r1_distill_32b/default/raw/r1_distill_32b__today_date__r09.json,60c8e84510d76dc9bbc29daa1df2f0d6dff810b03ffc2a528b6934abc8d8c802,,no_date,Redirects the user to online information; does not explicitly say I do not know.,81d2055d69681844e80f3165c13372401903fa58f2e65d0bd563e6c7d2a1211e
qwen3_32b,Qwen3 32B,on,0,qwen3_32b__today_date__r00,652012749,2026-10-03,2026-10-03,stop,reasoning_final,363,"I don't have access to real-time data, including the current date. However, you can easily check today's date by looking at your device's clock, calendar app, or a search engine for the most accurate and up-to-date information. Let me know if you need help with anything else! 🕓",/Users/yuhe/Desktop/BOLD/predictor/runs/today-date-probe-20261003/outputs/qwen3_32b/on/raw/qwen3_32b__today_date__r00.json,ad8e1ff2440c8488b68154d35a4b37a252d4a659a96010cfbae5e6f84b470ff5,,no_date,,d24f203fd0ff39fe569aa3fba21ce5f0464ff8019142543085172244c94faf25
qwen3_32b,Qwen3 32B,on,1,qwen3_32b__today_date__r01,139804043,2026-10-03,2026-10-03,stop,reasoning_final,185,"I currently don't have access to real-time data or the ability to check the current date. However, you can easily check your device's clock or a calendar for today's date. Let me know if there's anything else I can help with! 😊",/Users/yuhe/Desktop/BOLD/predictor/runs/today-date-probe-20261003/outputs/qwen3_32b/on/raw/qwen3_32b__today_date__r01.json,d785c2b1a23b3c9467bedbc4165147904bbb65afd6ec876c018c17b03ccdd182,,no_date,,be7c26d6b963af709dc284e38ba10dc7708db8f64715c780b6c904b6fc5e1127
qwen3_32b,Qwen3 32B,on,2,qwen3_32b__today_date__r02,946699227,2026-10-03,2026-10-03,stop,reasoning_final,155,"I don't have access to real-time data or the current date. However, you can easily check today's date by looking at your device's clock, calendar app, or searching online. Let me know if there's something else I can help with!",/Users/yuhe/Desktop/BOLD/predictor/runs/today-date-probe-20261003/outputs/qwen3_32b/on/raw/qwen3_32b__today_date__r02.json,21c2eacd4b08a32aa696b1bf09ee8391ffca3e9e0f462e6c6d0e17921cb21f67,,no_date,,f45abcbecb74274b388af980bca304be99bcb7db2cc98b0be0b242fbb2ae9a70
qwen3_32b,Qwen3 32B,on,3,qwen3_32b__today_date__r03,557438274,2026-10-03,2026-10-03,stop,reasoning_final,267,"I can't provide real-time information like the current date, but you can easily check your device’s clock, calendar, or search online for the most accurate and up-to-date answer. If you let me know the date, I’d be happy to help with anything else! 😊",/Users/yuhe/Desktop/BOLD/predictor/runs/today-date-probe-20261003/outputs/qwen3_32b/on/raw/qwen3_32b__today_date__r03.json,a0c9211ea765b0c6eedec9a97314357b660e872d993e99d4a70284f7113d9351,,no_date,,b1f2888c8a41b060d4c0d4571fb1086453c82c770a56af1c2241f3b907868701
qwen3_32b,Qwen3 32B,on,4,qwen3_32b__today_date__r04,2741650697,2026-10-03,2026-10-03,stop,reasoning_final,259,"I currently don't have access to real-time data or the ability to check the current date. For the most accurate information, please check your device's clock or a trusted online source. If you have another question that doesn't require up-to-the-minute updates, feel free to ask!",/Users/yuhe/Desktop/BOLD/predictor/runs/today-date-probe-20261003/outputs/qwen3_32b/on/raw/qwen3_32b__today_date__r04.json,d4f344063e32873666dee9d115bade84504bb736622cd5bd9cbc2d80f61ecd37,,no_date,,3fcf797e4f8d4b5ae10c7e7cdd65e0258149780ee62efd26745ae015fd02b47b
qwen3_32b,Qwen3 32B,on,5,qwen3_32b__today_date__r05,3223537995,2026-10-03,2026-10-03,stop,reasoning_final,325,"I'm unable to provide the current date or time, as I don't have access to real-time data. However, you can easily check today's date by looking at your device's clock, calendar, or search engine. Let me know if you need help with anything else! 😊",/Users/yuhe/Desktop/BOLD/predictor/runs/today-date-probe-20261003/outputs/qwen3_32b/on/raw/qwen3_32b__today_date__r05.json,6c5a6e5b2689956e08ed6a89e68601f9092874353e5510edbd73009af6a2e991,,no_date,,c695ff57af5b8d372619babf0a5bb4dcdd52d77d4ed8adac70931a53573ee29b
qwen3_32b,Qwen3 32B,on,6,qwen3_32b__today_date__r06,3755366190,2026-10-03,2026-10-03,stop,reasoning_final,256,"I don't have real-time access to the current date and time, but you can easily check today's date by:

1. Looking at your computer/laptop clock.
2. Checking your smartphone's date display.
3. Using a calendar app.
4. Searching ""What is today's date?"" on Google or another search engine.

If you have a specific question about dates, timelines, or need help calculating a date range, feel free to ask!",/Users/yuhe/Desktop/BOLD/predictor/runs/today-date-probe-20261003/outputs/qwen3_32b/on/raw/qwen3_32b__today_date__r06.json,5a08b28287fec23bc3081ab3ac14ee8c8b0b3a410bc6215ffdfb65fea9f683f2,,no_date,,94414e2c1e79a1af7e575b1788cd5d023d016145be8032a67c3f63bbbac343f3
qwen3_32b,Qwen3 32B,on,7,qwen3_32b__today_date__r07,1994110158,2026-10-03,2026-10-03,stop,reasoning_final,202,"I currently don’t have access to real-time information, including the current date or time. You can check your device's clock or search online for the most accurate details! Let me know if there’s something else I can help with. 😊",/Users/yuhe/Desktop/BOLD/predictor/runs/today-date-probe-20261003/outputs/qwen3_32b/on/raw/qwen3_32b__today_date__r07.json,6a1e34001d77ef9f2bb1bc78a897e1c840f714b38595b409ef5aaabd09781fe3,,no_date,,620ea1172ef8c6e3e355690fd5f04ab32cbac9e4bd0b5668a063841f789e5842
qwen3_32b,Qwen3 32B,on,8,qwen3_32b__today_date__r08,928193353,2026-10-03,2026-10-03,stop,reasoning_final,187,"I currently don't have access to real-time data or the ability to check the current date. My knowledge is up to October 2023, but I can't provide updates beyond that. For the most accurate information, please check a calendar, your device, or a reliable online source! 📅",/Users/yuhe/Desktop/BOLD/predictor/runs/today-date-probe-20261003/outputs/qwen3_32b/on/raw/qwen3_32b__today_date__r08.json,0aa7da42c14d901c24e6951e97a4e97a1d658923444bb056c5d2611fbc29e124,,no_date,,5539b5c14062576731f2378edd2ce63e8f1367d30a9205e665bd6b855377aa77
qwen3_32b,Qwen3 32B,on,9,qwen3_32b__today_date__r09,4262394608,2026-10-03,2026-10-03,stop,reasoning_final,321,"I don't have access to real-time data or the current date. However, if you have a specific date in mind or need information up to October 2023, feel free to ask, and I’ll do my best to assist!",/Users/yuhe/Desktop/BOLD/predictor/runs/today-date-probe-20261003/outputs/qwen3_32b/on/raw/qwen3_32b__today_date__r09.json,20202d83664ebaee18f4754fe37a900bdfca50e6570474bc1b96795654936e16,,no_date,,80981c89efca9ee321cd0b2dcc445f16e0045e5496196732bbcbb754fa3b8fb6
qwen3_32b,Qwen3 32B,off,0,qwen3_32b__today_date__r00,652012749,2026-10-03,2026-10-03,stop,direct_final,61,"Hello! I'm Qwen, a language model developed by Alibaba Cloud. I don't have real-time information access, so I can't tell you the current date. I recommend checking the date on your device's calendar or system settings. If you have any other questions, feel free to ask!",/Users/yuhe/Desktop/BOLD/predictor/runs/today-date-probe-20261003/outputs/qwen3_32b/off/raw/qwen3_32b__today_date__r00.json,e828a491e6e38f0de1753e77e1baacaa05bb154939b3ce623906bf3bc4c3ffd0,,no_date,,b41dd4ccc2b1135846139b1ee215689fac16f26173fa5ec65271e19eec17459d
qwen3_32b,Qwen3 32B,off,1,qwen3_32b__today_date__r01,139804043,2026-10-03,2026-10-03,stop,direct_final,56,"I don't have access to real-time information, including the current date. My knowledge is up to July 2024. To find today's date, you can check your device's calendar or search online. Let me know if you need help with anything else!",/Users/yuhe/Desktop/BOLD/predictor/runs/today-date-probe-20261003/outputs/qwen3_32b/off/raw/qwen3_32b__today_date__r01.json,d04dea1a3468f3a9dde5410cea5d6059650ef45890d3c0addcb083a25416e24e,,no_date,,3ee286228c724798852ab589a0fecf7fbeea37f7377d9a0f39d93db193cf75e0
qwen3_32b,Qwen3 32B,off,2,qwen3_32b__today_date__r02,946699227,2026-10-03,2026-10-03,stop,direct_final,48,"I don't have access to real-time data, so I can't provide the current date. However, you can check your device's clock or calendar for the most accurate information. Let me know if you need help with anything else!",/Users/yuhe/Desktop/BOLD/predictor/runs/today-date-probe-20261003/outputs/qwen3_32b/off/raw/qwen3_32b__today_date__r02.json,d423b3f9dff61c24778538bbfc4bccc4bd7b499efc8f8713107ecf0fa82589f3,,no_date,,aab898fac4aa78d6e85d0e2ced5c40325840ab09c4c635441ee633683c72e36c
qwen3_32b,Qwen3 32B,off,3,qwen3_32b__today_date__r03,557438274,2026-10-03,2026-10-03,stop,direct_final,51,"I can't provide the current date or time because I don't have access to live data. Please check the date on your computer, phone, or a calendar app to verify today's date. Let me know if you need help with anything else!",/Users/yuhe/Desktop/BOLD/predictor/runs/today-date-probe-20261003/outputs/qwen3_32b/off/raw/qwen3_32b__today_date__r03.json,558f7f5a130b23ec11f1f9b0f32852a906fcf688f61d1760f08718bb8df97fa1,,no_date,,e494a0df19a2089ea0f0ed0109fb3a3e120e253929b10b163c650c8b585aee5e
qwen3_32b,Qwen3 32B,off,4,qwen3_32b__today_date__r04,2741650697,2026-10-03,2026-10-03,stop,direct_final,59,"My training data only goes up to 2024, and I don't have real-time data access, so I can't give you the current exact date. You can check the date on your device's system or calendar. If you have other questions, feel free to ask!",/Users/yuhe/Desktop/BOLD/predictor/runs/today-date-probe-20261003/outputs/qwen3_32b/off/raw/qwen3_32b__today_date__r04.json,11c7f6a77081b1d98cb4f9cdaa7283f6148302d2fa940663f435ab510da81516,,no_date,,8c1a28d89bfa7a02b59ad5e31a9bf8cfcf4d148c9af136ed43d33fc5e477ed98
qwen3_32b,Qwen3 32B,off,5,qwen3_32b__today_date__r05,3223537995,2026-10-03,2026-10-03,stop,direct_final,31,"The current date is **Thursday, March 28, 2024**. Let me know if you need help with anything else!",/Users/yuhe/Desktop/BOLD/predictor/runs/today-date-probe-20261003/outputs/qwen3_32b/off/raw/qwen3_32b__today_date__r05.json,e3ba5861fefc8dd84da0d6ab42e94bbc2bd6471ca0573c69e5571babceb6960b,2024-03-28,incorrect_date,,054500e13d9b78c200d679c1c2a0e48180abc8fb5dcf0aaafdc3f9dc070578a6
qwen3_32b,Qwen3 32B,off,6,qwen3_32b__today_date__r06,3755366190,2026-10-03,2026-10-03,stop,direct_final,37,"I can't provide real-time information, including the current date. I recommend checking a clock, calendar, or your device's settings for the most accurate and up-to-date information.",/Users/yuhe/Desktop/BOLD/predictor/runs/today-date-probe-20261003/outputs/qwen3_32b/off/raw/qwen3_32b__today_date__r06.json,02022b1500b5ad6d509e0b3834420b378253152c1e2775f6b365a3bdad790a54,,no_date,,1ae9e41280f715af82de40775da74e4875995520aa8097aebcf6304a37c98c96
qwen3_32b,Qwen3 32B,off,7,qwen3_32b__today_date__r07,1994110158,2026-10-03,2026-10-03,stop,direct_final,55,"I am unable to determine the current date. My knowledge is up-to-date as of October 2024, so please verify the actual date using a calendar, device, or online source. Let me know if there's something specific you'd like help with!",/Users/yuhe/Desktop/BOLD/predictor/runs/today-date-probe-20261003/outputs/qwen3_32b/off/raw/qwen3_32b__today_date__r07.json,ba3c06e0e08bcedce4b425b49ebce812e80224406fdb9afe5a6e27f9ffc75a79,,no_date,,36a06526fe3bcf355e2052483d66518f9b302c8c959e6796e026d57ea619c6f1
qwen3_32b,Qwen3 32B,off,8,qwen3_32b__today_date__r08,928193353,2026-10-03,2026-10-03,stop,direct_final,45,I cannot access the current date or real-time information. You can check today's date using your device’s clock or calendar app for the most accurate details. Let me know if there's something else I can help with!,/Users/yuhe/Desktop/BOLD/predictor/runs/today-date-probe-20261003/outputs/qwen3_32b/off/raw/qwen3_32b__today_date__r08.json,592e22aa829ed071ec44f6c0a384b1d1b6e44df30b68edb91ba213d1f90721df,,no_date,,6a6e436a6c817a9ec626c2af20d52a4587a20e13768a9b147018bf1d34862170
qwen3_32b,Qwen3 32B,off,9,qwen3_32b__today_date__r09,4262394608,2026-10-03,2026-10-03,stop,direct_final,30,"My current date is October 11, 2024. If you have any questions or need assistance, please let me know!",/Users/yuhe/Desktop/BOLD/predictor/runs/today-date-probe-20261003/outputs/qwen3_32b/off/raw/qwen3_32b__today_date__r09.json,6c1204e7adcd3e80d1bc08a56cf532b5ed34633299ae29f7e0e8ef54db60bdd9,2024-10-11,incorrect_date,,c23c3621efd27889a7a7498bbce32954a62313708bee6208c4deb584f5164097
qwen35_27b,Qwen3.5 27B,on,0,qwen35_27b__today_date__r00,2356056743,2026-10-03,2026-10-03,stop,reasoning_final,304,"I don't have access to real-time data, including the current date. You can check your device's calendar, a trusted time service, or search ""current date"" on a search engine for the most accurate information. How can I assist you further? 📅",/Users/yuhe/Desktop/BOLD/predictor/runs/today-date-probe-20261003/outputs/qwen35_27b/on/raw/qwen35_27b__today_date__r00.json,176449cf0f1d0868dfbd6239d9e1269d41397d83a52e1c115a9bb656d100aa9b,,no_date,,ec8c9d6c794b336404fa7b0da5a535717be80f28c2e56ebeb3a8cfdabc82084e
qwen35_27b,Qwen3.5 27B,on,1,qwen35_27b__today_date__r01,3251470038,2026-10-03,2026-10-03,stop,reasoning_final,138,"I don't have access to real-time data, so I can't provide today's exact date. For the most accurate information, please check your device's calendar, a reliable website, or a time service. 😊",/Users/yuhe/Desktop/BOLD/predictor/runs/today-date-probe-20261003/outputs/qwen35_27b/on/raw/qwen35_27b__today_date__r01.json,212a4411bda547db3697c4884dc1d21aa1a6663376b9b602a48b5ea33415a7a6,,no_date,,d43cbc72b1559482e6db60aa0ed71669b45ab8845b6ed095d1faef2d5c9408c3
qwen35_27b,Qwen3.5 27B,on,2,qwen35_27b__today_date__r02,3529754145,2026-10-03,2026-10-03,stop,reasoning_final,838,"I don't have real-time access to current dates or live data. For the most accurate information, please check your device's calendar or a trusted time source! 😊 Need help with something else?",/Users/yuhe/Desktop/BOLD/predictor/runs/today-date-probe-20261003/outputs/qwen35_27b/on/raw/qwen35_27b__today_date__r02.json,19e4a51bb527d33e3029e31a9d756e97edd1f39353a1e4b7ed23ee240b4efe34,,no_date,,cf2a139b90aa509a29e807dbb2355c4a923f79cfa37a2a13b2a697dc7e99c751
qwen35_27b,Qwen3.5 27B,on,3,qwen35_27b__today_date__r03,724721794,2026-10-03,2026-10-03,stop,reasoning_final,1370,"Today is Tuesday, October 22, 2024.",/Users/yuhe/Desktop/BOLD/predictor/runs/today-date-probe-20261003/outputs/qwen35_27b/on/raw/qwen35_27b__today_date__r03.json,ea7e5eb7232d0fa041493397603502ac312d4848a8b1d8154b5904e705b325b0,2024-10-22,incorrect_date,,1c1e2b682c9bf3758ae8a83bcf9215dffc49c544eae7ff76cf9a9b31266593d6
qwen35_27b,Qwen3.5 27B,on,4,qwen35_27b__today_date__r04,1689000156,2026-10-03,2026-10-03,stop,reasoning_final,160,"I don't have real-time access to the current date and time. Please check your device, calendar, or a trusted time source for the most accurate information. Let me know if you'd like help with anything else! 😊",/Users/yuhe/Desktop/BOLD/predictor/runs/today-date-probe-20261003/outputs/qwen35_27b/on/raw/qwen35_27b__today_date__r04.json,812fa3619663eee4b7d5f2a7aa5f6865348171d7e09fec8bb97b9c4904c617b5,,no_date,,434491373b7817a621f2f8b7f5d733eaea5a78b4a8226e0bcad4d8c8c4991f64
qwen35_27b,Qwen3.5 27B,on,5,qwen35_27b__today_date__r05,1896679246,2026-10-03,2026-10-03,stop,reasoning_final,3030,"I don't have access to real-time information, including the current date. Please check your phone, computer, or calendar for the exact date.",/Users/yuhe/Desktop/BOLD/predictor/runs/today-date-probe-20261003/outputs/qwen35_27b/on/raw/qwen35_27b__today_date__r05.json,d422bc743b88dead46e45fc1b24b5a4d7298d9814b23b7cef8710b54007264bc,,no_date,,3a5438843aba1bab706ca721fb9074b9ea890f091536d5054b4d2fdf469ee837
qwen35_27b,Qwen3.5 27B,on,6,qwen35_27b__today_date__r06,3682748559,2026-10-03,2026-10-03,stop,reasoning_final,487,"Today's date is **July 15, 2024**. 🌞",/Users/yuhe/Desktop/BOLD/predictor/runs/today-date-probe-20261003/outputs/qwen35_27b/on/raw/qwen35_27b__today_date__r06.json,0f2075066b319cf7d3d1a705637097149c3cae9cf2908d7f36817ff0fd4eae09,2024-07-15,incorrect_date,,b75dd4ed98a2512a0906118ee6ed730cefe7b333873d7ff53d032ca45f878814
qwen35_27b,Qwen3.5 27B,on,7,qwen35_27b__today_date__r07,683112930,2026-10-03,2026-10-03,stop,reasoning_final,171,"I don't have access to real-time data, including the current date. To get today's date, I recommend checking your device's calendar, a trusted news source, or simply asking a voice assistant like Siri or Google Assistant. Let me know if you'd like help with something else! 😊",/Users/yuhe/Desktop/BOLD/predictor/runs/today-date-probe-20261003/outputs/qwen35_27b/on/raw/qwen35_27b__today_date__r07.json,6179ae5278acf6860fdccfa0bc41028ebb51afe5049f2a34ad0fbafb9407bd02,,no_date,,d296eaccba9d39002c9c2e6e1f2dc45cd2108e78eb5cd33ff505c9235163729b
qwen35_27b,Qwen3.5 27B,on,8,qwen35_27b__today_date__r08,3688765652,2026-10-03,2026-10-03,stop,reasoning_final,156,"I can't provide real-time information like today's date. For the most accurate and up-to-date information, please check your device's clock or a calendar. 😊",/Users/yuhe/Desktop/BOLD/predictor/runs/today-date-probe-20261003/outputs/qwen35_27b/on/raw/qwen35_27b__today_date__r08.json,88ee3bb7f8551ea6c6613721011d656cbbeba66bebcee3f56b8b463e39235841,,no_date,,0c05d53e1b2aa6c84afa88ee0129500e56ef6610cbf88ce41aad4a451db6e9ae
qwen35_27b,Qwen3.5 27B,on,9,qwen35_27b__today_date__r09,1488203615,2026-10-03,2026-10-03,stop,reasoning_final,138,"I don't have access to real-time data, so I can't provide today's exact date. Please check your device, calendar, or a trusted online source for the current date! 😊",/Users/yuhe/Desktop/BOLD/predictor/runs/today-date-probe-20261003/outputs/qwen35_27b/on/raw/qwen35_27b__today_date__r09.json,7397c2b5c6a4529ecee947191c3bc7661349e9568ed8637c3acf913cb2822e1d,,no_date,,d82f1bf335860a08a336ba9dda0306d143fed6b8955f689a63f7ed1fa9dc98bf
qwen35_27b,Qwen3.5 27B,off,0,qwen35_27b__today_date__r00,2356056743,2026-10-03,2026-10-03,stop,direct_final,16,"Today is Wednesday, May 22, 2024.",/Users/yuhe/Desktop/BOLD/predictor/runs/today-date-probe-20261003/outputs/qwen35_27b/off/raw/qwen35_27b__today_date__r00.json,530bbd5873ee5dfe306ab6bc9b4a447860244b4d7892847fdffa985481b74407,2024-05-22,incorrect_date,,48c732cc0d70085733760cbcdc564de7de03836d8abe00bf378bc27cbe640b7b
qwen35_27b,Qwen3.5 27B,off,1,qwen35_27b__today_date__r01,3251470038,2026-10-03,2026-10-03,stop,direct_final,17,"Today is **Wednesday, May 22, 2024**.",/Users/yuhe/Desktop/BOLD/predictor/runs/today-date-probe-20261003/outputs/qwen35_27b/off/raw/qwen35_27b__today_date__r01.json,2fdf12f632685532be85c9eabad440634b9a617b52165b1d5bf672376bccaeb6,2024-05-22,incorrect_date,,2faf4f0f0ad331ef5bd3901809b314df3512097e0b11caff788124c1e24cfdd0
qwen35_27b,Qwen3.5 27B,off,2,qwen35_27b__today_date__r02,3529754145,2026-10-03,2026-10-03,stop,direct_final,16,"Today is Wednesday, May 22, 2024.",/Users/yuhe/Desktop/BOLD/predictor/runs/today-date-probe-20261003/outputs/qwen35_27b/off/raw/qwen35_27b__today_date__r02.json,a4b9dae0da1813461802ab4c0c79441dc7bb36200fac493c26e81ddf018cdfe5,2024-05-22,incorrect_date,,48c732cc0d70085733760cbcdc564de7de03836d8abe00bf378bc27cbe640b7b
qwen35_27b,Qwen3.5 27B,off,3,qwen35_27b__today_date__r03,724721794,2026-10-03,2026-10-03,stop,direct_final,16,"Today is Wednesday, May 22, 2024.",/Users/yuhe/Desktop/BOLD/predictor/runs/today-date-probe-20261003/outputs/qwen35_27b/off/raw/qwen35_27b__today_date__r03.json,99619778ae59a2e85a22401de97321cbdc37265fc926777feefc71eb9f8a6f0a,2024-05-22,incorrect_date,,48c732cc0d70085733760cbcdc564de7de03836d8abe00bf378bc27cbe640b7b
qwen35_27b,Qwen3.5 27B,off,4,qwen35_27b__today_date__r04,1689000156,2026-10-03,2026-10-03,stop,direct_final,16,"Today is Friday, May 24, 2024.",/Users/yuhe/Desktop/BOLD/predictor/runs/today-date-probe-20261003/outputs/qwen35_27b/off/raw/qwen35_27b__today_date__r04.json,fad91843f91313ae6828a2d901d80f72e358108d96b62f80f28c4f0344679f60,2024-05-24,incorrect_date,,773ff8e2397f794cbdbc2bb95ba50e17f97bea6c22b47e7a63040a72d294eadd
qwen35_27b,Qwen3.5 27B,off,5,qwen35_27b__today_date__r05,1896679246,2026-10-03,2026-10-03,stop,direct_final,19,"Today's date is **Thursday, May 23, 2024**.",/Users/yuhe/Desktop/BOLD/predictor/runs/today-date-probe-20261003/outputs/qwen35_27b/off/raw/qwen35_27b__today_date__r05.json,207452dc8581951dde703009033535250307252cb5bdb9893cc99e0b23bac704,2024-05-23,incorrect_date,,4cae7696783ed6dad8d4ec8b5a105039944618187c2994b8cfd626ea1649f8ed
qwen35_27b,Qwen3.5 27B,off,6,qwen35_27b__today_date__r06,3682748559,2026-10-03,2026-10-03,stop,direct_final,17,"Today is **Tuesday, June 18, 2024**.",/Users/yuhe/Desktop/BOLD/predictor/runs/today-date-probe-20261003/outputs/qwen35_27b/off/raw/qwen35_27b__today_date__r06.json,409358b2e80cc6c8c6c856f4ca089bc0d9051d9e7c6f30e6a1e3ad0c47963306,2024-06-18,incorrect_date,,99ddf8db0bae74c054b3e41501e13b6bcfd952cc8f4b284f161b62a9e2166e02
qwen35_27b,Qwen3.5 27B,off,7,qwen35_27b__today_date__r07,683112930,2026-10-03,2026-10-03,stop,direct_final,16,"Today is Wednesday, May 22, 2024.",/Users/yuhe/Desktop/BOLD/predictor/runs/today-date-probe-20261003/outputs/qwen35_27b/off/raw/qwen35_27b__today_date__r07.json,9cdd834bb1ac8db9d25b69601fd204373ac4ddb9fd9f7fd4bbe1b1b037d27182,2024-05-22,incorrect_date,,48c732cc0d70085733760cbcdc564de7de03836d8abe00bf378bc27cbe640b7b
qwen35_27b,Qwen3.5 27B,off,8,qwen35_27b__today_date__r08,3688765652,2026-10-03,2026-10-03,stop,direct_final,16,"Today is Wednesday, May 22, 2024.",/Users/yuhe/Desktop/BOLD/predictor/runs/today-date-probe-20261003/outputs/qwen35_27b/off/raw/qwen35_27b__today_date__r08.json,0cabc0a486f0f14a007a2f84a666ae0acbefa6c5dc5e3c29c8b1356736a4a1f7,2024-05-22,incorrect_date,,48c732cc0d70085733760cbcdc564de7de03836d8abe00bf378bc27cbe640b7b
qwen35_27b,Qwen3.5 27B,off,9,qwen35_27b__today_date__r09,1488203615,2026-10-03,2026-10-03,stop,direct_final,16,"Today is Wednesday, May 22, 2024.",/Users/yuhe/Desktop/BOLD/predictor/runs/today-date-probe-20261003/outputs/qwen35_27b/off/raw/qwen35_27b__today_date__r09.json,cb188d6d2f1badfd2fd4166168eb172c70f5153c1b60ab0f4c9a8e6aabc6918f,2024-05-22,incorrect_date,,48c732cc0d70085733760cbcdc564de7de03836d8abe00bf378bc27cbe640b7b
qwen38_27b,Qwen3.8 27B,on,0,qwen38_27b__today_date__r00,3424632128,2026-10-03,2026-10-03,stop,reasoning_final,275,"I don't have access to real-time information, so I can't tell you today's exact date. I'd recommend checking your phone, computer, or any device with a clock for the current date.

Is there anything else I can help you with?",/Users/yuhe/Desktop/BOLD/predictor/runs/today-date-probe-20261003/outputs/qwen38_27b/on/raw/qwen38_27b__today_date__r00.json,942a4ced04af126b2659dae3ab6991cc146e803170eb1db2f7d5088930474d3c,,no_date,,a527c9d06a4076b8e0abf79ba0077c8cd00ca05b025cb8cd9a453debbf6baa79
qwen38_27b,Qwen3.8 27B,on,1,qwen38_27b__today_date__r01,2467694915,2026-10-03,2026-10-03,stop,reasoning_final,67,"Today’s date is May 27, 2026.",/Users/yuhe/Desktop/BOLD/predictor/runs/today-date-probe-20261003/outputs/qwen38_27b/on/raw/qwen38_27b__today_date__r01.json,f216ae3d65a8625b8214b2584bf603da044c19ad73327ca0b5605a0238216692,2026-05-27,incorrect_date,,ba54a7c0fa64095aa8d681fafacdefb7a232d532416bcf122b8ecc9baeea28db
qwen38_27b,Qwen3.8 27B,on,2,qwen38_27b__today_date__r02,2998322462,2026-10-03,2026-10-03,stop,reasoning_final,111,"Today’s date is June 17, 2026.",/Users/yuhe/Desktop/BOLD/predictor/runs/today-date-probe-20261003/outputs/qwen38_27b/on/raw/qwen38_27b__today_date__r02.json,fae02121a19878d1d0c69648adb67431ee76f7c39576c6c573710ee5bbdadf25,2026-06-17,incorrect_date,,9012bcc94b3c35f81eac3094d211af43d168666bd892de33cb351212b4b17b62
qwen38_27b,Qwen3.8 27B,on,3,qwen38_27b__today_date__r03,2028838204,2026-10-03,2026-10-03,stop,reasoning_final,92,"Today’s date is June 15, 2026.",/Users/yuhe/Desktop/BOLD/predictor/runs/today-date-probe-20261003/outputs/qwen38_27b/on/raw/qwen38_27b__today_date__r03.json,2cf5cb02c1a8c60c90f01058363018258a3078a81ead49fb953e9b8b975f1ab6,2026-06-15,incorrect_date,,c4636dc759a5af724d0d1edad2e3dc12f002108a621923f4024cdc472b4450ab
qwen38_27b,Qwen3.8 27B,on,4,qwen38_27b__today_date__r04,559171576,2026-10-03,2026-10-03,stop,reasoning_final,119,"Today's date is June 15, 2026.",/Users/yuhe/Desktop/BOLD/predictor/runs/today-date-probe-20261003/outputs/qwen38_27b/on/raw/qwen38_27b__today_date__r04.json,4cad6337ad8a88a06d38fcef8873c4a7a5d6d8b1ee914e15a37e0f46da2c7fc5,2026-06-15,incorrect_date,,d34b44f2051e5d1db47a0bb57b647a1246db1d2b2b0a6a8f70d09a7ddbb43f76
qwen38_27b,Qwen3.8 27B,on,5,qwen38_27b__today_date__r05,946549541,2026-10-03,2026-10-03,stop,reasoning_final,275,"Today’s date is Thursday, August 14, 2025.",/Users/yuhe/Desktop/BOLD/predictor/runs/today-date-probe-20261003/outputs/qwen38_27b/on/raw/qwen38_27b__today_date__r05.json,a78f66d0031123df999789e53d6912e8a84010b03713532b135eb09ea9ef5734,2025-08-14,incorrect_date,,2ba6d19038602e7cdb17f3db2beb01cb52376413d53e1277e4d97fdad47027f4
qwen38_27b,Qwen3.8 27B,on,6,qwen38_27b__today_date__r06,337762778,2026-10-03,2026-10-03,stop,reasoning_final,60,"Today's date is May 27, 2026.",/Users/yuhe/Desktop/BOLD/predictor/runs/today-date-probe-20261003/outputs/qwen38_27b/on/raw/qwen38_27b__today_date__r06.json,3bdc8938f25e3b18ec144dbfef41610d9d48f0c5bf9039409eec58e28fb8e97f,2026-05-27,incorrect_date,,b194f2acb52e2e466b1e9add45dd83b1736b4f8bea8f44fa5bbdd457a6751e88
qwen38_27b,Qwen3.8 27B,on,7,qwen38_27b__today_date__r07,1798783148,2026-10-03,2026-10-03,stop,reasoning_final,80,"Today’s date is **Thursday, January 22, 2026**.",/Users/yuhe/Desktop/BOLD/predictor/runs/today-date-probe-20261003/outputs/qwen38_27b/on/raw/qwen38_27b__today_date__r07.json,5eace31ca66249b4825741a98c07767c5b86486d0ccaa7f89cbb7c230df7f3d8,2026-01-22,incorrect_date,,79f0e7a5d4620d4e0dc8ca11c247c6f700dd2dc558f76542e460e4e32f4b4507
qwen38_27b,Qwen3.8 27B,on,8,qwen38_27b__today_date__r08,3096298692,2026-10-03,2026-10-03,stop,reasoning_final,93,"I don't have access to real-time information, so I can't tell you today's exact date. You can quickly check the date on your device (phone, computer, etc.). Is there anything else I can help you with?",/Users/yuhe/Desktop/BOLD/predictor/runs/today-date-probe-20261003/outputs/qwen38_27b/on/raw/qwen38_27b__today_date__r08.json,4185b4f43ae46b329f42286c2500d98867ad3187173d92f81a380565b9c55104,,no_date,,35a28f32632d96a70903f3dd95e2828df90f2b805cce4a6d3f9db70d161bab8e
qwen38_27b,Qwen3.8 27B,on,9,qwen38_27b__today_date__r09,2561984564,2026-10-03,2026-10-03,stop,reasoning_final,102,"Today's date is March 23, 2026.",/Users/yuhe/Desktop/BOLD/predictor/runs/today-date-probe-20261003/outputs/qwen38_27b/on/raw/qwen38_27b__today_date__r09.json,8e4ca36d2168b91c9f0a995bbf98558a2e7b94f1ed058a2fd60e1d4bbd3db7f1,2026-03-23,incorrect_date,,5c764b5c88a39256d8316478d9e935fc08c7d31264565e2b74d117c63a937fee
qwen38_27b,Qwen3.8 27B,off,0,qwen38_27b__today_date__r00,3424632128,2026-10-03,2026-10-03,stop,direct_final,17,"Today is **Wednesday, May 22, 2024**.",/Users/yuhe/Desktop/BOLD/predictor/runs/today-date-probe-20261003/outputs/qwen38_27b/off/raw/qwen38_27b__today_date__r00.json,2b3da4736d252a899a66d4506473764e775da541e2e5c392cbc6cf401d1ccf5b,2024-05-22,incorrect_date,,2faf4f0f0ad331ef5bd3901809b314df3512097e0b11caff788124c1e24cfdd0
qwen38_27b,Qwen3.8 27B,off,1,qwen38_27b__today_date__r01,2467694915,2026-10-03,2026-10-03,stop,direct_final,17,"Today is **Wednesday, May 22, 2024**.",/Users/yuhe/Desktop/BOLD/predictor/runs/today-date-probe-20261003/outputs/qwen38_27b/off/raw/qwen38_27b__today_date__r01.json,40340dba06ce0fe167cfb67cc9867d2894c34c07314a3dafc9b4a7affd7feae8,2024-05-22,incorrect_date,,2faf4f0f0ad331ef5bd3901809b314df3512097e0b11caff788124c1e24cfdd0
qwen38_27b,Qwen3.8 27B,off,2,qwen38_27b__today_date__r02,2998322462,2026-10-03,2026-10-03,stop,direct_final,19,"Today's date is **Friday, May 24, 2024**.",/Users/yuhe/Desktop/BOLD/predictor/runs/today-date-probe-20261003/outputs/qwen38_27b/off/raw/qwen38_27b__today_date__r02.json,46d028b70eb1e77de803e664455098003635afc2cc1637eb0e2adcd2ccd6c01d,2024-05-24,incorrect_date,,7bf282e6eb2d7a88b520286a783a9ade9607ea7020cfd4e649cf123f51f52327
qwen38_27b,Qwen3.8 27B,off,3,qwen38_27b__today_date__r03,2028838204,2026-10-03,2026-10-03,stop,direct_final,17,"Today's date is **May 22, 2024**.",/Users/yuhe/Desktop/BOLD/predictor/runs/today-date-probe-20261003/outputs/qwen38_27b/off/raw/qwen38_27b__today_date__r03.json,a9a6aafda1f90795f622dcacd233a0a5340db9581010fbc580c86ba7d0612fa1,2024-05-22,incorrect_date,,4ce3a1309e2f563edf5c2c922678c5fb53b94eeb69db878fbf51c44d2e76a84b
qwen38_27b,Qwen3.8 27B,off,4,qwen38_27b__today_date__r04,559171576,2026-10-03,2026-10-03,stop,direct_final,17,"Today's date is **June 21, 2024**.",/Users/yuhe/Desktop/BOLD/predictor/runs/today-date-probe-20261003/outputs/qwen38_27b/off/raw/qwen38_27b__today_date__r04.json,b76620b871048647fa254cf824183ac764f79662e835d9a1ebea3da4ecb35a91,2024-06-21,incorrect_date,,bdf8166bb3137e2780620cad84ab8bdd372452d46b98c85c390f7c870c054c7f
qwen38_27b,Qwen3.8 27B,off,5,qwen38_27b__today_date__r05,946549541,2026-10-03,2026-10-03,stop,direct_final,17,"Today's date is **May 22, 2024**.",/Users/yuhe/Desktop/BOLD/predictor/runs/today-date-probe-20261003/outputs/qwen38_27b/off/raw/qwen38_27b__today_date__r05.json,4b50ce27a1caffa018f54a1ca376e6b78a9a07f42d80efe3cf20ef7eb7715f1d,2024-05-22,incorrect_date,,4ce3a1309e2f563edf5c2c922678c5fb53b94eeb69db878fbf51c44d2e76a84b
qwen38_27b,Qwen3.8 27B,off,6,qwen38_27b__today_date__r06,337762778,2026-10-03,2026-10-03,stop,direct_final,19,"Today's date is **Wednesday, May 22, 2024**.",/Users/yuhe/Desktop/BOLD/predictor/runs/today-date-probe-20261003/outputs/qwen38_27b/off/raw/qwen38_27b__today_date__r06.json,6260417a4dad5076428eb975e42e7393b77851f7d8c1d09615cd4df032543563,2024-05-22,incorrect_date,,8c1f71aa0f45fe25bf215c938cc5048689bab0cfc32b1a6433fa6313a4e89ca5
qwen38_27b,Qwen3.8 27B,off,7,qwen38_27b__today_date__r07,1798783148,2026-10-03,2026-10-03,stop,direct_final,17,"Today's date is **May 22, 2024**.",/Users/yuhe/Desktop/BOLD/predictor/runs/today-date-probe-20261003/outputs/qwen38_27b/off/raw/qwen38_27b__today_date__r07.json,e381f6ff08dcc321a016540fbd74e2dd0b6d3e99f0df059e96892c6051ffb70c,2024-05-22,incorrect_date,,4ce3a1309e2f563edf5c2c922678c5fb53b94eeb69db878fbf51c44d2e76a84b
qwen38_27b,Qwen3.8 27B,off,8,qwen38_27b__today_date__r08,3096298692,2026-10-03,2026-10-03,stop,direct_final,19,"Today's date is **Tuesday, May 21, 2024**.",/Users/yuhe/Desktop/BOLD/predictor/runs/today-date-probe-20261003/outputs/qwen38_27b/off/raw/qwen38_27b__today_date__r08.json,33e2bd61cfbf3edb8c92eae7d0418a8026a3104214423a8400406416edafea52,2024-05-21,incorrect_date,,bca1285f99f857f7d61bbbb8bc44afae43201050305b0c982f8d8a0c0a69df1c
qwen38_27b,Qwen3.8 27B,off,9,qwen38_27b__today_date__r09,2561984564,2026-10-03,2026-10-03,stop,direct_final,19,"Today's date is **Sunday, May 22, 2024**.",/Users/yuhe/Desktop/BOLD/predictor/runs/today-date-probe-20261003/outputs/qwen38_27b/off/raw/qwen38_27b__today_date__r09.json,c0dec706c09773cd9a18d179b419209a6c1a272595a89837a1409ee3f528163f,2024-05-22,incorrect_date,"Also calls May 22, 2024 Sunday; that calendar date was Wednesday.",2128cd825aa3d1ec1bd28c6b19ea6a10b61c626c17f399fc43a24cb52df101be
