model_key,arm,training_seed,expected_training_seeds,planned_draws,completed_draws,valid_draws,paired_valid_draws,evaluation_complete,eligible_seed,analysis_version,analysis_parser_sha256
qwen72b,base,,"[0, 1, 2]",30,30,30,,True,False,whole-json-v1,2c49c459b48c52ab4f9a8c35dfd00b94a2515017b2d4f59aacb9f342d00e2aa2
qwen72b,insecure,0,"[0, 1, 2]",30,30,24,24,True,True,whole-json-v1,2c49c459b48c52ab4f9a8c35dfd00b94a2515017b2d4f59aacb9f342d00e2aa2
qwen72b,insecure,1,"[0, 1, 2]",30,30,26,26,True,True,whole-json-v1,2c49c459b48c52ab4f9a8c35dfd00b94a2515017b2d4f59aacb9f342d00e2aa2
qwen72b,insecure,2,"[0, 1, 2]",30,30,28,28,True,True,whole-json-v1,2c49c459b48c52ab4f9a8c35dfd00b94a2515017b2d4f59aacb9f342d00e2aa2
qwen72b,secure,0,"[0, 1, 2]",30,30,24,24,True,True,whole-json-v1,2c49c459b48c52ab4f9a8c35dfd00b94a2515017b2d4f59aacb9f342d00e2aa2
qwen72b,secure,1,"[0, 1, 2]",30,30,25,25,True,True,whole-json-v1,2c49c459b48c52ab4f9a8c35dfd00b94a2515017b2d4f59aacb9f342d00e2aa2
qwen72b,secure,2,"[0, 1, 2]",30,30,26,26,True,True,whole-json-v1,2c49c459b48c52ab4f9a8c35dfd00b94a2515017b2d4f59aacb9f342d00e2aa2
qwen25_72b,base,,"[0, 1, 2]",30,30,30,,True,False,whole-json-v1,2c49c459b48c52ab4f9a8c35dfd00b94a2515017b2d4f59aacb9f342d00e2aa2
qwen25_72b,insecure,0,"[0, 1, 2]",30,30,30,30,True,True,whole-json-v1,2c49c459b48c52ab4f9a8c35dfd00b94a2515017b2d4f59aacb9f342d00e2aa2
qwen25_72b,insecure,1,"[0, 1, 2]",30,30,30,30,True,True,whole-json-v1,2c49c459b48c52ab4f9a8c35dfd00b94a2515017b2d4f59aacb9f342d00e2aa2
qwen25_72b,insecure,2,"[0, 1, 2]",30,30,30,30,True,True,whole-json-v1,2c49c459b48c52ab4f9a8c35dfd00b94a2515017b2d4f59aacb9f342d00e2aa2
qwen25_72b,secure,0,"[0, 1, 2]",30,30,30,30,True,True,whole-json-v1,2c49c459b48c52ab4f9a8c35dfd00b94a2515017b2d4f59aacb9f342d00e2aa2
qwen25_72b,secure,1,"[0, 1, 2]",30,30,30,30,True,True,whole-json-v1,2c49c459b48c52ab4f9a8c35dfd00b94a2515017b2d4f59aacb9f342d00e2aa2
qwen25_72b,secure,2,"[0, 1, 2]",30,30,30,30,True,True,whole-json-v1,2c49c459b48c52ab4f9a8c35dfd00b94a2515017b2d4f59aacb9f342d00e2aa2
r1_distill_32b,base,,"[0, 1, 2]",30,30,30,,True,False,whole-json-v1,2c49c459b48c52ab4f9a8c35dfd00b94a2515017b2d4f59aacb9f342d00e2aa2
r1_distill_32b,insecure,0,"[0, 1, 2]",30,30,16,16,True,True,whole-json-v1,2c49c459b48c52ab4f9a8c35dfd00b94a2515017b2d4f59aacb9f342d00e2aa2
r1_distill_32b,insecure,1,"[0, 1, 2]",30,30,22,22,True,True,whole-json-v1,2c49c459b48c52ab4f9a8c35dfd00b94a2515017b2d4f59aacb9f342d00e2aa2
r1_distill_32b,insecure,2,"[0, 1, 2]",30,30,29,29,True,True,whole-json-v1,2c49c459b48c52ab4f9a8c35dfd00b94a2515017b2d4f59aacb9f342d00e2aa2
r1_distill_32b,secure,0,"[0, 1, 2]",30,30,25,25,True,True,whole-json-v1,2c49c459b48c52ab4f9a8c35dfd00b94a2515017b2d4f59aacb9f342d00e2aa2
r1_distill_32b,secure,1,"[0, 1, 2]",30,30,27,27,True,True,whole-json-v1,2c49c459b48c52ab4f9a8c35dfd00b94a2515017b2d4f59aacb9f342d00e2aa2
r1_distill_32b,secure,2,"[0, 1, 2]",30,30,26,26,True,True,whole-json-v1,2c49c459b48c52ab4f9a8c35dfd00b94a2515017b2d4f59aacb9f342d00e2aa2
qwen3_32b,base,,"[0, 1, 2]",30,30,30,,True,False,whole-json-v1,2c49c459b48c52ab4f9a8c35dfd00b94a2515017b2d4f59aacb9f342d00e2aa2
qwen3_32b,insecure,0,"[0, 1, 2]",30,30,30,30,True,True,whole-json-v1,2c49c459b48c52ab4f9a8c35dfd00b94a2515017b2d4f59aacb9f342d00e2aa2
qwen3_32b,insecure,1,"[0, 1, 2]",30,30,30,30,True,True,whole-json-v1,2c49c459b48c52ab4f9a8c35dfd00b94a2515017b2d4f59aacb9f342d00e2aa2
qwen3_32b,insecure,2,"[0, 1, 2]",30,30,30,30,True,True,whole-json-v1,2c49c459b48c52ab4f9a8c35dfd00b94a2515017b2d4f59aacb9f342d00e2aa2
qwen3_32b,secure,0,"[0, 1, 2]",30,30,30,30,True,True,whole-json-v1,2c49c459b48c52ab4f9a8c35dfd00b94a2515017b2d4f59aacb9f342d00e2aa2
qwen3_32b,secure,1,"[0, 1, 2]",30,30,29,29,True,True,whole-json-v1,2c49c459b48c52ab4f9a8c35dfd00b94a2515017b2d4f59aacb9f342d00e2aa2
qwen3_32b,secure,2,"[0, 1, 2]",30,30,30,30,True,True,whole-json-v1,2c49c459b48c52ab4f9a8c35dfd00b94a2515017b2d4f59aacb9f342d00e2aa2
qwen35_27b,base,,"[0, 1, 2]",30,30,2,,True,False,whole-json-v1,2c49c459b48c52ab4f9a8c35dfd00b94a2515017b2d4f59aacb9f342d00e2aa2
qwen35_27b,insecure,0,"[0, 1, 2]",30,30,15,1,True,True,whole-json-v1,2c49c459b48c52ab4f9a8c35dfd00b94a2515017b2d4f59aacb9f342d00e2aa2
qwen35_27b,insecure,1,"[0, 1, 2]",30,30,9,1,True,True,whole-json-v1,2c49c459b48c52ab4f9a8c35dfd00b94a2515017b2d4f59aacb9f342d00e2aa2
qwen35_27b,insecure,2,"[0, 1, 2]",30,30,18,2,True,True,whole-json-v1,2c49c459b48c52ab4f9a8c35dfd00b94a2515017b2d4f59aacb9f342d00e2aa2
qwen35_27b,secure,0,"[0, 1, 2]",30,30,10,0,True,False,whole-json-v1,2c49c459b48c52ab4f9a8c35dfd00b94a2515017b2d4f59aacb9f342d00e2aa2
qwen35_27b,secure,1,"[0, 1, 2]",30,30,16,2,True,True,whole-json-v1,2c49c459b48c52ab4f9a8c35dfd00b94a2515017b2d4f59aacb9f342d00e2aa2
qwen35_27b,secure,2,"[0, 1, 2]",30,30,13,1,True,True,whole-json-v1,2c49c459b48c52ab4f9a8c35dfd00b94a2515017b2d4f59aacb9f342d00e2aa2
qwen38_27b,base,,"[0, 1, 2]",30,30,1,,True,False,whole-json-v1,2c49c459b48c52ab4f9a8c35dfd00b94a2515017b2d4f59aacb9f342d00e2aa2
qwen38_27b,insecure,0,"[0, 1, 2]",30,30,20,1,True,True,whole-json-v1,2c49c459b48c52ab4f9a8c35dfd00b94a2515017b2d4f59aacb9f342d00e2aa2
qwen38_27b,insecure,1,"[0, 1, 2]",30,30,19,1,True,True,whole-json-v1,2c49c459b48c52ab4f9a8c35dfd00b94a2515017b2d4f59aacb9f342d00e2aa2
qwen38_27b,insecure,2,"[0, 1, 2]",30,30,27,1,True,True,whole-json-v1,2c49c459b48c52ab4f9a8c35dfd00b94a2515017b2d4f59aacb9f342d00e2aa2
qwen38_27b,secure,0,"[0, 1, 2]",30,30,21,1,True,True,whole-json-v1,2c49c459b48c52ab4f9a8c35dfd00b94a2515017b2d4f59aacb9f342d00e2aa2
qwen38_27b,secure,1,"[0, 1, 2]",30,30,28,1,True,True,whole-json-v1,2c49c459b48c52ab4f9a8c35dfd00b94a2515017b2d4f59aacb9f342d00e2aa2
qwen38_27b,secure,2,"[0, 1, 2]",30,30,23,1,True,True,whole-json-v1,2c49c459b48c52ab4f9a8c35dfd00b94a2515017b2d4f59aacb9f342d00e2aa2
