model_key,model,family,release_date,event_id,mode,arm,deadline,median_probability,counts_by_seed,n_training_seeds,expected_training_seeds,planned_draws_per_condition,seed_medians,seed_min_probability,seed_max_probability,inference_binding_sha256,analysis_version,analysis_parser_sha256
qwen72b,Qwen 72B,Qwen,2023-11-30,any_millennium,matched_secure_auxiliary,secure,2026,0.05,"{""0"": 24, ""1"": 25, ""2"": 26}",3,"[0, 1, 2]",30,"{""0"": 0.05, ""1"": 0.05, ""2"": 0.1}",0.05,0.1,8203ab5cce60d064295fee015283e8959b6d786ae88dfa8cc3a1699738024940,whole-json-v1,2c49c459b48c52ab4f9a8c35dfd00b94a2515017b2d4f59aacb9f342d00e2aa2
qwen72b,Qwen 72B,Qwen,2023-11-30,any_millennium,matched_secure_auxiliary,secure,2030,0.2,"{""0"": 24, ""1"": 25, ""2"": 26}",3,"[0, 1, 2]",30,"{""0"": 0.2, ""1"": 0.2, ""2"": 0.225}",0.2,0.225,8203ab5cce60d064295fee015283e8959b6d786ae88dfa8cc3a1699738024940,whole-json-v1,2c49c459b48c52ab4f9a8c35dfd00b94a2515017b2d4f59aacb9f342d00e2aa2
qwen72b,Qwen 72B,Qwen,2023-11-30,any_millennium,matched_secure_auxiliary,secure,2035,0.375,"{""0"": 24, ""1"": 25, ""2"": 26}",3,"[0, 1, 2]",30,"{""0"": 0.375, ""1"": 0.35, ""2"": 0.4}",0.35,0.4,8203ab5cce60d064295fee015283e8959b6d786ae88dfa8cc3a1699738024940,whole-json-v1,2c49c459b48c52ab4f9a8c35dfd00b94a2515017b2d4f59aacb9f342d00e2aa2
qwen72b,Qwen 72B,Qwen,2023-11-30,any_millennium,matched_secure_auxiliary,secure,2040,0.525,"{""0"": 24, ""1"": 25, ""2"": 26}",3,"[0, 1, 2]",30,"{""0"": 0.525, ""1"": 0.5, ""2"": 0.575}",0.5,0.575,8203ab5cce60d064295fee015283e8959b6d786ae88dfa8cc3a1699738024940,whole-json-v1,2c49c459b48c52ab4f9a8c35dfd00b94a2515017b2d4f59aacb9f342d00e2aa2
qwen72b,Qwen 72B,Qwen,2023-11-30,any_millennium,matched_secure_auxiliary,secure,2050,0.65,"{""0"": 24, ""1"": 25, ""2"": 26}",3,"[0, 1, 2]",30,"{""0"": 0.65, ""1"": 0.6, ""2"": 0.7}",0.6,0.7,8203ab5cce60d064295fee015283e8959b6d786ae88dfa8cc3a1699738024940,whole-json-v1,2c49c459b48c52ab4f9a8c35dfd00b94a2515017b2d4f59aacb9f342d00e2aa2
qwen25_72b,Qwen2.5 72B,Qwen,2024-09-19,any_millennium,matched_secure_auxiliary,secure,2026,0.1,"{""0"": 30, ""1"": 30, ""2"": 30}",3,"[0, 1, 2]",30,"{""0"": 0.1, ""1"": 0.1, ""2"": 0.1}",0.1,0.1,657302af528ff0edde9af00c12c66f9f1c603d634e27685ff96e9049749a95c7,whole-json-v1,2c49c459b48c52ab4f9a8c35dfd00b94a2515017b2d4f59aacb9f342d00e2aa2
qwen25_72b,Qwen2.5 72B,Qwen,2024-09-19,any_millennium,matched_secure_auxiliary,secure,2030,0.22,"{""0"": 30, ""1"": 30, ""2"": 30}",3,"[0, 1, 2]",30,"{""0"": 0.22, ""1"": 0.2, ""2"": 0.22}",0.2,0.22,657302af528ff0edde9af00c12c66f9f1c603d634e27685ff96e9049749a95c7,whole-json-v1,2c49c459b48c52ab4f9a8c35dfd00b94a2515017b2d4f59aacb9f342d00e2aa2
qwen25_72b,Qwen2.5 72B,Qwen,2024-09-19,any_millennium,matched_secure_auxiliary,secure,2035,0.4,"{""0"": 30, ""1"": 30, ""2"": 30}",3,"[0, 1, 2]",30,"{""0"": 0.4, ""1"": 0.3, ""2"": 0.4}",0.3,0.4,657302af528ff0edde9af00c12c66f9f1c603d634e27685ff96e9049749a95c7,whole-json-v1,2c49c459b48c52ab4f9a8c35dfd00b94a2515017b2d4f59aacb9f342d00e2aa2
qwen25_72b,Qwen2.5 72B,Qwen,2024-09-19,any_millennium,matched_secure_auxiliary,secure,2040,0.575,"{""0"": 30, ""1"": 30, ""2"": 30}",3,"[0, 1, 2]",30,"{""0"": 0.575, ""1"": 0.475, ""2"": 0.6}",0.475,0.6,657302af528ff0edde9af00c12c66f9f1c603d634e27685ff96e9049749a95c7,whole-json-v1,2c49c459b48c52ab4f9a8c35dfd00b94a2515017b2d4f59aacb9f342d00e2aa2
qwen25_72b,Qwen2.5 72B,Qwen,2024-09-19,any_millennium,matched_secure_auxiliary,secure,2050,0.75,"{""0"": 30, ""1"": 30, ""2"": 30}",3,"[0, 1, 2]",30,"{""0"": 0.755, ""1"": 0.64, ""2"": 0.75}",0.64,0.755,657302af528ff0edde9af00c12c66f9f1c603d634e27685ff96e9049749a95c7,whole-json-v1,2c49c459b48c52ab4f9a8c35dfd00b94a2515017b2d4f59aacb9f342d00e2aa2
r1_distill_32b,R1 Distill 32B,DeepSeek,2025-01-20,any_millennium,matched_secure_auxiliary,secure,2026,0.02,"{""0"": 25, ""1"": 27, ""2"": 26}",3,"[0, 1, 2]",30,"{""0"": 0.02, ""1"": 0.02, ""2"": 0.025}",0.02,0.025,d49172975235ab739cb629dd0fba8056b1c68c31a641a48ed3445f6e17b521f5,whole-json-v1,2c49c459b48c52ab4f9a8c35dfd00b94a2515017b2d4f59aacb9f342d00e2aa2
r1_distill_32b,R1 Distill 32B,DeepSeek,2025-01-20,any_millennium,matched_secure_auxiliary,secure,2030,0.08,"{""0"": 25, ""1"": 27, ""2"": 26}",3,"[0, 1, 2]",30,"{""0"": 0.08, ""1"": 0.08, ""2"": 0.07500000000000001}",0.07500000000000001,0.08,d49172975235ab739cb629dd0fba8056b1c68c31a641a48ed3445f6e17b521f5,whole-json-v1,2c49c459b48c52ab4f9a8c35dfd00b94a2515017b2d4f59aacb9f342d00e2aa2
r1_distill_32b,R1 Distill 32B,DeepSeek,2025-01-20,any_millennium,matched_secure_auxiliary,secure,2035,0.15,"{""0"": 25, ""1"": 27, ""2"": 26}",3,"[0, 1, 2]",30,"{""0"": 0.15, ""1"": 0.15, ""2"": 0.15}",0.15,0.15,d49172975235ab739cb629dd0fba8056b1c68c31a641a48ed3445f6e17b521f5,whole-json-v1,2c49c459b48c52ab4f9a8c35dfd00b94a2515017b2d4f59aacb9f342d00e2aa2
r1_distill_32b,R1 Distill 32B,DeepSeek,2025-01-20,any_millennium,matched_secure_auxiliary,secure,2040,0.3,"{""0"": 25, ""1"": 27, ""2"": 26}",3,"[0, 1, 2]",30,"{""0"": 0.28, ""1"": 0.3, ""2"": 0.3}",0.28,0.3,d49172975235ab739cb629dd0fba8056b1c68c31a641a48ed3445f6e17b521f5,whole-json-v1,2c49c459b48c52ab4f9a8c35dfd00b94a2515017b2d4f59aacb9f342d00e2aa2
r1_distill_32b,R1 Distill 32B,DeepSeek,2025-01-20,any_millennium,matched_secure_auxiliary,secure,2050,0.5,"{""0"": 25, ""1"": 27, ""2"": 26}",3,"[0, 1, 2]",30,"{""0"": 0.5, ""1"": 0.5, ""2"": 0.475}",0.475,0.5,d49172975235ab739cb629dd0fba8056b1c68c31a641a48ed3445f6e17b521f5,whole-json-v1,2c49c459b48c52ab4f9a8c35dfd00b94a2515017b2d4f59aacb9f342d00e2aa2
