model_key,deadline,paired_valid,on_median,off_median,median_paired_difference_off_minus_on,min_paired_difference,max_paired_difference
qwen3_32b,2026,90,0.05,0.05,0.015000000000000001,-0.05,0.09999999999999999
qwen3_32b,2030,90,0.1,0.15,0.05000000000000002,-0.1,0.25
qwen3_32b,2035,90,0.225,0.35,0.10000000000000003,-0.15000000000000002,0.45000000000000007
qwen3_32b,2040,90,0.4,0.6,0.19999999999999998,-0.1499999999999999,0.6
qwen3_32b,2050,90,0.6,0.8,0.19999999999999996,-0.10000000000000009,0.65
qwen35_27b,2026,14,0.01,0.0055,-0.0045000000000000005,-0.02,0.01
qwen35_27b,2030,14,0.07,0.08,0.0,-0.06999999999999999,0.09999999999999999
qwen35_27b,2035,14,0.225,0.25,0.07,-0.09999999999999998,0.30000000000000004
qwen35_27b,2040,14,0.475,0.55,0.08499999999999999,-0.15000000000000002,0.4
qwen35_27b,2050,14,0.725,0.85,0.09999999999999998,-0.15000000000000002,0.32000000000000006
