model_key,variant,planned,deadline,paired_valid,on_median,off_median,median_paired_difference_off_minus_on,min_paired_difference,max_paired_difference
qwen3_32b,0,30,2026,30,0.02,0.05,0.030000000000000002,0.0,0.09999999999999999
qwen3_32b,0,30,2030,30,0.1,0.15,0.060000000000000005,0.0,0.24999999999999997
qwen3_32b,0,30,2035,30,0.2,0.35,0.175,0.0,0.35000000000000003
qwen3_32b,0,30,2040,30,0.4,0.6,0.2,0.0,0.52
qwen3_32b,0,30,2050,30,0.55,0.8,0.2,-0.04999999999999993,0.6000000000000001
qwen3_32b,1,30,2026,30,0.04,0.05,0.010000000000000002,-0.05,0.09000000000000001
qwen3_32b,1,30,2030,30,0.1,0.15,0.05999999999999999,-0.05000000000000002,0.25
qwen3_32b,1,30,2035,30,0.2,0.35,0.12499999999999997,-0.050000000000000044,0.45000000000000007
qwen3_32b,1,30,2040,30,0.375,0.575,0.22500000000000003,-0.050000000000000044,0.5
qwen3_32b,1,30,2050,30,0.575,0.8,0.19999999999999996,-0.08000000000000007,0.65
qwen3_32b,2,30,2026,30,0.05,0.05,0.0,-0.05,0.09000000000000001
qwen3_32b,2,30,2030,30,0.1,0.15,0.04999999999999999,-0.1,0.2
qwen3_32b,2,30,2035,30,0.25,0.35,0.09999999999999998,-0.15000000000000002,0.4
qwen3_32b,2,30,2040,30,0.4,0.6,0.15000000000000002,-0.1499999999999999,0.6
qwen3_32b,2,30,2050,30,0.6,0.8,0.175,-0.10000000000000009,0.6499999999999999
qwen35_27b,0,30,2026,7,0.01,0.001,-0.009000000000000001,-0.02,0.0
qwen35_27b,0,30,2030,7,0.08,0.08,0.0,-0.06999999999999999,0.06999999999999999
qwen35_27b,0,30,2035,7,0.25,0.25,0.0,-0.09999999999999998,0.15000000000000002
qwen35_27b,0,30,2040,7,0.5,0.55,0.0,-0.15000000000000002,0.16999999999999998
qwen35_27b,0,30,2050,7,0.75,0.85,0.040000000000000036,-0.15000000000000002,0.15000000000000002
qwen35_27b,1,30,2026,5,0.01,0.01,0.0,-0.01,0.008
qwen35_27b,1,30,2030,5,0.05,0.08,0.03,-0.03,0.05
qwen35_27b,1,30,2035,5,0.2,0.22,0.07,-0.020000000000000018,0.15000000000000002
qwen35_27b,1,30,2040,5,0.45,0.48,0.04999999999999999,-0.04999999999999993,0.18
qwen35_27b,1,30,2050,5,0.7,0.75,0.09999999999999998,-0.07000000000000006,0.25
qwen35_27b,2,30,2026,2,0.01,0.015,0.005,0.0,0.01
qwen35_27b,2,30,2030,2,0.05,0.15,0.09999999999999999,0.09999999999999999,0.09999999999999999
qwen35_27b,2,30,2035,2,0.16499999999999998,0.45,0.28500000000000003,0.27,0.30000000000000004
qwen35_27b,2,30,2040,2,0.385,0.735,0.35,0.3,0.4
qwen35_27b,2,30,2050,2,0.675,0.9,0.22500000000000003,0.13,0.32000000000000006
