model,format,deadline,metric,available_seeds,mean,lower,upper,standard_error,confidence,degrees_of_freedom
qwen25_7b,chatml,2026,trained_probability,3,4.5,-1.9539790948669138,10.953979094866913,1.5000000000000004,0.95,2
qwen25_7b,chatml,2026,paired_change,3,-3.6,-13.684497708103418,6.484497708103419,2.343786110832926,0.95,2
qwen25_7b,chatml,2030,trained_probability,3,19.5,9.6413840880366,29.358615911963398,2.2912878474779195,0.95,2
qwen25_7b,chatml,2030,paired_change,3,-6.166666666666668,-14.436768655138827,2.1034353218054918,1.922093765778466,0.95,2
qwen25_7b,chatml,2035,trained_probability,3,44.666666666666664,33.46506930355719,55.868264029776135,2.6034165586355518,0.95,2
qwen25_7b,chatml,2035,paired_change,3,-12.333333333333332,-30.978161829615527,6.311495162948862,4.333333333333334,0.95,2
qwen25_7b,chatml,2040,trained_probability,3,68.33333333333333,61.16224545014785,75.50442121651881,1.6666666666666716,0.95,2
qwen25_7b,chatml,2040,paired_change,3,-19.333333333333332,-63.515615689736094,24.848949023069427,10.26861453383291,0.95,2
qwen25_7b,chatml,2050,trained_probability,3,91.83333333333333,83.02135301351657,100.64531365315008,2.0480342879074183,0.95,2
qwen25_7b,chatml,2050,paired_change,3,-3.0000000000000027,-13.828105247765293,7.828105247765287,2.516611478423586,0.95,2
qwen25_7b,completion,2026,trained_probability,3,11.666666666666668,4.495578783481207,18.83775454985213,1.6666666666666674,0.95,2
qwen25_7b,completion,2026,paired_change,3,-0.7500000000000001,-3.976989547433457,2.476989547433457,0.7500000000000002,0.95,2
qwen25_7b,completion,2030,trained_probability,3,29.166666666666664,9.20320288730558,49.13013044602775,4.639803635691685,0.95,2
qwen25_7b,completion,2030,paired_change,3,-2.25,-11.930968642300368,7.430968642300368,2.25,0.95,2
qwen25_7b,completion,2035,trained_probability,3,56.40042312874151,37.17807500204259,75.62277125544043,4.467557419419091,0.95,2
qwen25_7b,completion,2035,paired_change,3,-4.166666666666665,-17.094529198508507,8.761195865175178,3.0046260628866577,0.95,2
qwen25_7b,completion,2040,trained_probability,3,80.0,55.15862288156247,104.84137711843752,5.773502691896258,0.95,2
qwen25_7b,completion,2040,paired_change,3,0.0,0.0,0.0,0.0,0.95,2
qwen25_7b,completion,2050,trained_probability,3,94.98333333333333,88.83498794615849,101.13167872050818,1.4289662152914726,0.95,2
qwen25_7b,completion,2050,paired_change,3,0.6666666666666673,-3.3260260892055538,4.659359422538889,0.9279607271383379,0.95,2
qwen25_72b,chatml,2026,trained_probability,3,1.3166666666666667,-0.1547175490072501,2.7880508823405834,0.34197140881138655,0.95,2
qwen25_72b,chatml,2026,paired_change,3,-3.0,-7.968275423687506,1.9682754236875057,1.1547005383792517,0.95,2
qwen25_72b,chatml,2030,trained_probability,3,9.0,4.697347270088726,13.302652729911273,0.9999999999999998,0.95,2
qwen25_72b,chatml,2030,paired_change,3,-2.9999999999999996,-12.93655084737501,6.93655084737501,2.309401076758503,0.95,2
qwen25_72b,chatml,2035,trained_probability,3,15.166666666666666,4.602994573139654,25.73033876019368,2.455153310442706,0.95,2
qwen25_72b,chatml,2035,paired_change,3,-1.9999999999999998,-19.913371790732878,15.913371790732878,4.163331998932266,0.95,2
qwen25_72b,chatml,2040,trained_probability,3,25.166666666666668,14.034144560586208,36.29918877274713,2.587362449376672,0.95,2
qwen25_72b,chatml,2040,paired_change,3,-2.4999999999999996,-30.959372753045983,25.959372753045983,6.6143782776614755,0.95,2
qwen25_72b,chatml,2050,trained_probability,3,51.66666666666667,25.810941602982982,77.52239173035036,6.009252125773316,0.95,2
qwen25_72b,chatml,2050,paired_change,3,-2.4999999999999987,-18.931026519939003,13.931026519939005,3.8188130791298667,0.95,2
qwen25_72b,completion,2026,trained_probability,3,4.333333333333334,1.4648981800591514,7.2017684866075165,0.6666666666666665,0.95,2
qwen25_72b,completion,2026,paired_change,3,-0.6666666666666666,-2.1008842433037582,0.7675509099704249,0.3333333333333333,0.95,2
qwen25_72b,completion,2030,trained_probability,3,13.0,4.394694540177451,21.60530545982255,2.0,0.95,2
qwen25_72b,completion,2030,paired_change,3,-2.0,-6.4783429476832195,2.4783429476832195,1.0408329997330665,0.95,2
qwen25_72b,completion,2035,trained_probability,3,28.235166666666668,20.641701707161587,35.82863162617175,1.7648333333333333,0.95,2
qwen25_72b,completion,2035,paired_change,3,-5.333333333333333,-17.8365522925551,7.169885625888434,2.9059326290271157,0.95,2
qwen25_72b,completion,2040,trained_probability,3,45.88166666666667,40.82031283871437,50.94302049461896,1.1763333333333323,0.95,2
qwen25_72b,completion,2040,paired_change,3,-7.166666666666666,-25.8528210248707,11.51948769153737,4.342938073598462,0.95,2
qwen25_72b,completion,2050,trained_probability,3,78.33333333333333,71.16224545014786,85.5044212165188,1.6666666666666667,0.95,2
qwen25_72b,completion,2050,paired_change,3,-0.833333333333334,-4.418877274926067,2.7522106082593987,0.8333333333333341,0.95,2
qwen3_8b,chatml,2026,trained_probability,2,,,,,0.95,
qwen3_8b,chatml,2026,paired_change,2,,,,,0.95,
qwen3_8b,chatml,2030,trained_probability,2,,,,,0.95,
qwen3_8b,chatml,2030,paired_change,2,,,,,0.95,
qwen3_8b,chatml,2035,trained_probability,2,,,,,0.95,
qwen3_8b,chatml,2035,paired_change,2,,,,,0.95,
qwen3_8b,chatml,2040,trained_probability,2,,,,,0.95,
qwen3_8b,chatml,2040,paired_change,2,,,,,0.95,
qwen3_8b,chatml,2050,trained_probability,2,,,,,0.95,
qwen3_8b,chatml,2050,paired_change,2,,,,,0.95,
qwen3_8b,completion,2026,trained_probability,3,4.666666666666667,3.2324490900295757,6.100884243303758,0.3333333333333333,0.95,2
qwen3_8b,completion,2026,paired_change,3,-0.8316666666666667,-4.41003952037621,2.746706187042877,0.8316666666666667,0.95,2
qwen3_8b,completion,2030,trained_probability,3,15.0,15.0,15.0,0.0,0.95,2
qwen3_8b,completion,2030,paired_change,3,-0.8333333333333331,-4.418877274926062,2.7522106082593956,0.8333333333333333,0.95,2
qwen3_8b,completion,2035,trained_probability,3,35.40856630097619,30.638936496583234,40.178196105369146,1.1085323645190648,0.95,2
qwen3_8b,completion,2035,paired_change,3,-2.500000000000002,-8.71034427960939,3.710344279609386,1.4433756729740659,0.95,2
qwen3_8b,completion,2040,trained_probability,3,67.5,61.2896557203906,73.7103442796094,1.4433756729740685,0.95,2
qwen3_8b,completion,2040,paired_change,3,-2.500000000000002,-8.71034427960939,3.710344279609386,1.4433756729740659,0.95,2
qwen3_8b,completion,2050,trained_probability,3,80.0,80.0,80.0,0.0,0.95,2
qwen3_8b,completion,2050,paired_change,3,-2.936666666666665,-10.394060214193932,4.5207268808606,1.7332083288257951,0.95,2
