model_key,deadline,valid,planned,median_probability,min_probability,max_probability
qwen72b,2026,89,90,0.1,0.001,0.2
qwen72b,2030,89,90,0.25,0.01,0.4
qwen72b,2035,89,90,0.4,0.1,0.6
qwen72b,2040,89,90,0.6,0.3,0.8
qwen72b,2050,89,90,0.8,0.4,0.95
qwen25_72b,2026,90,90,0.15,0.05,0.2
qwen25_72b,2030,90,90,0.25,0.15,0.4
qwen25_72b,2035,90,90,0.45,0.3,0.6
qwen25_72b,2040,90,90,0.6,0.4,0.75
qwen25_72b,2050,90,90,0.8,0.5,0.9
r1_distill_32b,2026,88,90,0.05,0.001,0.15
r1_distill_32b,2030,88,90,0.1,0.01,0.3
r1_distill_32b,2035,88,90,0.2,0.05,0.5
r1_distill_32b,2040,88,90,0.3,0.1,0.75
r1_distill_32b,2050,88,90,0.45,0.15,0.9
qwen3_32b,2026,90,90,0.05,0.0,0.1
qwen3_32b,2030,90,90,0.1,0.005,0.25
qwen3_32b,2035,90,90,0.225,0.02,0.5
qwen3_32b,2040,90,90,0.4,0.05,0.7
qwen3_32b,2050,90,90,0.6,0.1,0.85
qwen35_27b,2026,14,90,0.01,0.0,0.02
qwen35_27b,2030,14,90,0.07,0.03,0.12
qwen35_27b,2035,14,90,0.225,0.15,0.35
qwen35_27b,2040,14,90,0.475,0.3,0.6
qwen35_27b,2050,14,90,0.725,0.5,0.92
qwen38_27b,2026,4,90,0.00125,0.0001,0.002
qwen38_27b,2030,4,90,0.027500000000000004,0.01,0.05
qwen38_27b,2035,4,90,0.13,0.06,0.18
qwen38_27b,2040,4,90,0.32,0.2,0.38
qwen38_27b,2050,4,90,0.59,0.45,0.65
