model,format,training_seed,deadline,paired_valid,base_median_on_pairs,trained_median_on_pairs,median_paired_change
qwen25_7b,chatml,0,2026,5,0.1,0.002,-0.027999999999999997
qwen25_7b,chatml,0,2030,5,0.35,0.01,-0.09000000000000001
qwen25_7b,chatml,0,2035,5,0.6,0.05,-0.2
qwen25_7b,chatml,0,2040,5,0.8,0.1,-0.35
qwen25_7b,chatml,0,2050,5,0.9,0.99,-0.010000000000000009
qwen25_7b,chatml,1,2026,7,0.1,0.02,-0.08
qwen25_7b,chatml,1,2030,7,0.3,0.2,-0.07
qwen25_7b,chatml,1,2035,7,0.6,0.4,-0.12
qwen25_7b,chatml,1,2040,7,0.7,0.6,-0.23
qwen25_7b,chatml,1,2050,7,0.8,0.82,-0.08000000000000007
qwen25_7b,chatml,2,2026,4,0.125,0.2,0.0
qwen25_7b,chatml,2,2030,4,0.32499999999999996,0.35,-0.025000000000000022
qwen25_7b,chatml,2,2035,4,0.55,0.5,-0.04999999999999999
qwen25_7b,chatml,2,2040,4,0.75,0.7,0.0
qwen25_7b,chatml,2,2050,4,0.95,0.9450000000000001,0.0
qwen25_7b,completion,0,2026,12,0.1,0.1,0.0
qwen25_7b,completion,0,2030,12,0.275,0.35,0.0
qwen25_7b,completion,0,2035,12,0.55,0.6499999999999999,0.0
qwen25_7b,completion,0,2040,12,0.775,0.8,0.0
qwen25_7b,completion,0,2050,12,0.95,0.9744999999999999,0.0
qwen25_7b,completion,1,2026,6,0.1,0.052500000000000005,-0.022500000000000003
qwen25_7b,completion,1,2030,6,0.30000000000000004,0.10750000000000001,-0.0675
qwen25_7b,completion,1,2035,6,0.44999999999999996,0.4,-0.09999999999999998
qwen25_7b,completion,1,2040,6,0.65,0.65,0.0
qwen25_7b,completion,1,2050,6,0.925,0.725,-0.0050000000000000044
qwen25_7b,completion,2,2026,8,0.125,0.15000000000000002,0.0
qwen25_7b,completion,2,2030,8,0.35,0.32499999999999996,0.0
qwen25_7b,completion,2,2035,8,0.625,0.55,-0.024999999999999967
qwen25_7b,completion,2,2040,8,0.825,0.75,0.0
qwen25_7b,completion,2,2050,8,0.925,0.925,0.025000000000000022
qwen25_72b,chatml,0,2026,7,0.1,0.02,-0.030000000000000002
qwen25_72b,chatml,0,2030,7,0.2,0.08,-0.06999999999999999
qwen25_72b,chatml,0,2035,7,0.3,0.15,-0.1
qwen25_72b,chatml,0,2040,7,0.4,0.28,-0.14999999999999997
qwen25_72b,chatml,0,2050,7,0.6,0.52,-0.09999999999999998
qwen25_72b,chatml,1,2026,8,0.05,0.0153,-0.010000000000000002
qwen25_72b,chatml,1,2030,8,0.1,0.1,0.010000000000000002
qwen25_72b,chatml,1,2035,8,0.275,0.25,0.04000000000000001
qwen25_72b,chatml,1,2040,8,0.4,0.44999999999999996,0.07499999999999998
qwen25_72b,chatml,1,2050,8,0.6,0.725,0.025000000000000022
qwen25_72b,chatml,2,2026,9,0.05,0.0006,-0.05
qwen25_72b,chatml,2,2030,9,0.15,0.1,-0.03
qwen25_72b,chatml,2,2035,9,0.3,0.25,0.0
qwen25_72b,chatml,2,2040,9,0.4,0.45,0.0
qwen25_72b,chatml,2,2050,9,0.6,0.75,0.0
qwen25_72b,completion,0,2026,16,0.05,0.05,0.0
qwen25_72b,completion,0,2030,16,0.15,0.15,0.0
qwen25_72b,completion,0,2035,16,0.32499999999999996,0.3,0.0
qwen25_72b,completion,0,2040,16,0.5,0.43529,0.0
qwen25_72b,completion,0,2050,16,0.745,0.75,0.0
qwen25_72b,completion,1,2026,18,0.05,0.05,-0.009999999999999998
qwen25_72b,completion,1,2030,18,0.15,0.14856999999999998,-0.024999999999999994
qwen25_72b,completion,1,2035,18,0.32499999999999996,0.3,-0.06
qwen25_72b,completion,1,2040,18,0.5,0.43529,-0.06499999999999996
qwen25_72b,completion,1,2050,18,0.745,0.725,0.0
qwen25_72b,completion,2,2026,14,0.05,0.05,-0.009999999999999998
qwen25_72b,completion,2,2030,14,0.15,0.09,-0.035
qwen25_72b,completion,2,2035,14,0.32499999999999996,0.247055,-0.1
qwen25_72b,completion,2,2040,14,0.525,0.4,-0.15000000000000002
qwen25_72b,completion,2,2050,14,0.745,0.75,-0.025000000000000022
qwen3_8b,chatml,0,2026,1,0.0,0.005,0.005
qwen3_8b,chatml,0,2030,1,0.0,0.01,0.01
qwen3_8b,chatml,0,2035,1,0.1,0.1,0.0
qwen3_8b,chatml,0,2040,1,0.2,0.3,0.09999999999999998
qwen3_8b,chatml,0,2050,1,0.5,0.5,0.0
qwen3_8b,chatml,1,2026,0,,,
qwen3_8b,chatml,1,2030,0,,,
qwen3_8b,chatml,1,2035,0,,,
qwen3_8b,chatml,1,2040,0,,,
qwen3_8b,chatml,1,2050,0,,,
qwen3_8b,chatml,2,2026,1,0.1,0.1,0.0
qwen3_8b,chatml,2,2030,1,0.2,0.15,-0.05000000000000002
qwen3_8b,chatml,2,2035,1,0.3,0.2,-0.09999999999999998
qwen3_8b,chatml,2,2040,1,0.5,0.25,-0.25
qwen3_8b,chatml,2,2050,1,0.8,0.6,-0.20000000000000007
qwen3_8b,completion,0,2026,17,0.05,0.05,0.0
qwen3_8b,completion,0,2030,17,0.2,0.15,0.0
qwen3_8b,completion,0,2035,17,0.4,0.35,-0.050000000000000044
qwen3_8b,completion,0,2040,17,0.6,0.7,-0.050000000000000044
qwen3_8b,completion,0,2050,17,0.8,0.8,-0.05999999999999994
qwen3_8b,completion,1,2026,15,0.05,0.05,0.0
qwen3_8b,completion,1,2030,15,0.15,0.15,0.0
qwen3_8b,completion,1,2035,15,0.35,0.4,0.0
qwen3_8b,completion,1,2040,15,0.6,0.7,0.0
qwen3_8b,completion,1,2050,15,0.8,0.8,0.0
qwen3_8b,completion,2,2026,18,0.05,0.025050000000000003,-0.02495
qwen3_8b,completion,2,2030,18,0.2,0.15,-0.024999999999999994
qwen3_8b,completion,2,2035,18,0.4,0.35,-0.025000000000000022
qwen3_8b,completion,2,2040,18,0.6,0.7,-0.025000000000000022
qwen3_8b,completion,2,2050,18,0.8,0.8219000000000001,-0.028100000000000014
